{
  "type": "FeatureCollection",
  "generator": "overpass-turbo",
  "copyright": "The data included in this document is from www.openstreetmap.org. The data is made available under ODbL.",
  "timestamp": "2025-09-18T19:19:15Z",
  "features": [
    {
      "type": "Feature",
      "properties": {
        "@id": "relation/297968",
        "IBGE:GEOCODIGO": "3548708",
        "admin_level": "8",
        "boundary": "administrative",
        "int_name": "Sao Bernardo do Campo",
        "name": "São Bernardo do Campo",
        "name:zh": "圣贝尔纳多-杜坎普",
        "official_name": "Município de Interesse Turístico de São Bernardo do Campo",
        "place": "municipality",
        "population": "810729",
        "population:date": "2023-08-31",
        "source": "IBGE",
        "source:population": "IBGE, DOU de 31/08/2023",
        "type": "boundary",
        "wikidata": "Q184403",
        "wikipedia": "pt:São Bernardo do Campo"
      },
      "geometry": {
        "type": "Polygon",
        "coordinates": [
          [
            [
              -46.6165362,
              -23.6580298
            ],
            [
              -46.6165949,
              -23.658829
            ],
            [
              -46.6163713,
              -23.6600506
            ],
            [
              -46.6154734,
              -23.6611169
            ],
            [
              -46.6149637,
              -23.6622997
            ],
            [
              -46.6130155,
              -23.6635907
            ],
            [
              -46.6133217,
              -23.6656893
            ],
            [
              -46.612771,
              -23.6669301
            ],
            [
              -46.6109879,
              -23.6679345
            ],
            [
              -46.6102663,
              -23.668341
            ],
            [
              -46.6105093,
              -23.6686566
            ],
            [
              -46.6090068,
              -23.6694109
            ],
            [
              -46.6087278,
              -23.6692293
            ],
            [
              -46.6085419,
              -23.6690926
            ],
            [
              -46.6084868,
              -23.6690254
            ],
            [
              -46.6084754,
              -23.6689707
            ],
            [
              -46.6085281,
              -23.6688888
            ],
            [
              -46.6085786,
              -23.668811
            ],
            [
              -46.6085511,
              -23.6687248
            ],
            [
              -46.608399,
              -23.6686124
            ],
            [
              -46.6079056,
              -23.6683312
            ],
            [
              -46.6076717,
              -23.6681819
            ],
            [
              -46.6073114,
              -23.667922
            ],
            [
              -46.6069443,
              -23.6676641
            ],
            [
              -46.606804,
              -23.6676008
            ],
            [
              -46.6066394,
              -23.6676461
            ],
            [
              -46.6064589,
              -23.6676544
            ],
            [
              -46.6061844,
              -23.6676008
            ],
            [
              -46.6058761,
              -23.6674755
            ],
            [
              -46.6056309,
              -23.6672287
            ],
            [
              -46.6054987,
              -23.6669334
            ],
            [
              -46.6051602,
              -23.66609
            ],
            [
              -46.6050283,
              -23.6658036
            ],
            [
              -46.6048992,
              -23.6656092
            ],
            [
              -46.6047701,
              -23.6654489
            ],
            [
              -46.6025296,
              -23.6636333
            ],
            [
              -46.6023603,
              -23.6634651
            ],
            [
              -46.6021192,
              -23.6631476
            ],
            [
              -46.6019937,
              -23.663004
            ],
            [
              -46.6016664,
              -23.6627781
            ],
            [
              -46.6014782,
              -23.662733
            ],
            [
              -46.600492,
              -23.662618
            ],
            [
              -46.6002007,
              -23.6625934
            ],
            [
              -46.5999317,
              -23.6626221
            ],
            [
              -46.5997345,
              -23.662696
            ],
            [
              -46.5994204,
              -23.6629138
            ],
            [
              -46.5991685,
              -23.6630657
            ],
            [
              -46.5988536,
              -23.663191
            ],
            [
              -46.5983166,
              -23.6633268
            ],
            [
              -46.5978863,
              -23.6634029
            ],
            [
              -46.5974561,
              -23.6633459
            ],
            [
              -46.5972157,
              -23.6633513
            ],
            [
              -46.596468,
              -23.6634573
            ],
            [
              -46.5962751,
              -23.6634589
            ],
            [
              -46.596383,
              -23.6635198
            ],
            [
              -46.5964589,
              -23.6636031
            ],
            [
              -46.5967022,
              -23.6639367
            ],
            [
              -46.5968829,
              -23.6641661
            ],
            [
              -46.5970071,
              -23.6644374
            ],
            [
              -46.5970528,
              -23.6645511
            ],
            [
              -46.5972653,
              -23.6649733
            ],
            [
              -46.597328,
              -23.6651185
            ],
            [
              -46.5973489,
              -23.6651983
            ],
            [
              -46.597424,
              -23.6653416
            ],
            [
              -46.5974883,
              -23.665468
            ],
            [
              -46.597626,
              -23.6657543
            ],
            [
              -46.5976747,
              -23.6658621
            ],
            [
              -46.5977196,
              -23.6659703
            ],
            [
              -46.5977671,
              -23.6660888
            ],
            [
              -46.5978401,
              -23.6662793
            ],
            [
              -46.5978717,
              -23.6663629
            ],
            [
              -46.5979119,
              -23.6664771
            ],
            [
              -46.5980141,
              -23.6667423
            ],
            [
              -46.5980527,
              -23.6668425
            ],
            [
              -46.5980863,
              -23.6669127
            ],
            [
              -46.5981221,
              -23.6669672
            ],
            [
              -46.5981537,
              -23.6670261
            ],
            [
              -46.5982161,
              -23.6671732
            ],
            [
              -46.5983228,
              -23.6673467
            ],
            [
              -46.5985694,
              -23.6675959
            ],
            [
              -46.5986582,
              -23.6676472
            ],
            [
              -46.5987586,
              -23.6677621
            ],
            [
              -46.5988648,
              -23.6679301
            ],
            [
              -46.598984,
              -23.6680565
            ],
            [
              -46.5990974,
              -23.66824
            ],
            [
              -46.5991438,
              -23.6683788
            ],
            [
              -46.5991582,
              -23.6685799
            ],
            [
              -46.5992596,
              -23.6688009
            ],
            [
              -46.6002396,
              -23.6707881
            ],
            [
              -46.5977888,
              -23.6725324
            ],
            [
              -46.5923701,
              -23.6763889
            ],
            [
              -46.5913617,
              -23.6771065
            ],
            [
              -46.59125,
              -23.6772552
            ],
            [
              -46.5911235,
              -23.6771536
            ],
            [
              -46.5908955,
              -23.6769989
            ],
            [
              -46.5907404,
              -23.6769309
            ],
            [
              -46.5905607,
              -23.6768523
            ],
            [
              -46.5903644,
              -23.6767999
            ],
            [
              -46.5902491,
              -23.6767778
            ],
            [
              -46.5890881,
              -23.6766313
            ],
            [
              -46.5888279,
              -23.676587
            ],
            [
              -46.5885915,
              -23.6765272
            ],
            [
              -46.5883612,
              -23.6764372
            ],
            [
              -46.588165,
              -23.6763209
            ],
            [
              -46.5879907,
              -23.6761907
            ],
            [
              -46.5878673,
              -23.67609
            ],
            [
              -46.5877604,
              -23.6759926
            ],
            [
              -46.5876665,
              -23.675887
            ],
            [
              -46.587452,
              -23.6755701
            ],
            [
              -46.5873018,
              -23.6753441
            ],
            [
              -46.5869692,
              -23.6748307
            ],
            [
              -46.5867948,
              -23.6745605
            ],
            [
              -46.5867412,
              -23.6744769
            ],
            [
              -46.5866509,
              -23.6743501
            ],
            [
              -46.58654,
              -23.6741944
            ],
            [
              -46.5864109,
              -23.6740315
            ],
            [
              -46.5863224,
              -23.6739553
            ],
            [
              -46.5862097,
              -23.6738767
            ],
            [
              -46.5860139,
              -23.673749
            ],
            [
              -46.5858154,
              -23.6736458
            ],
            [
              -46.5852311,
              -23.6733936
            ],
            [
              -46.5850004,
              -23.6732929
            ],
            [
              -46.5841149,
              -23.672899
            ],
            [
              -46.5833612,
              -23.6726042
            ],
            [
              -46.5831734,
              -23.6725551
            ],
            [
              -46.5830018,
              -23.6724986
            ],
            [
              -46.5828248,
              -23.6724568
            ],
            [
              -46.5826182,
              -23.6724298
            ],
            [
              -46.5824063,
              -23.6724003
            ],
            [
              -46.5822217,
              -23.6723865
            ],
            [
              -46.5820737,
              -23.6723807
            ],
            [
              -46.5818998,
              -23.6723987
            ],
            [
              -46.5817496,
              -23.6724135
            ],
            [
              -46.5815377,
              -23.6724405
            ],
            [
              -46.5810522,
              -23.6725167
            ],
            [
              -46.580746,
              -23.6725649
            ],
            [
              -46.5803307,
              -23.6726297
            ],
            [
              -46.5799092,
              -23.6726878
            ],
            [
              -46.5795824,
              -23.6727525
            ],
            [
              -46.5793919,
              -23.6727795
            ],
            [
              -46.5792682,
              -23.6727909
            ],
            [
              -46.5791264,
              -23.6727992
            ],
            [
              -46.5789677,
              -23.6727836
            ],
            [
              -46.5788153,
              -23.6727697
            ],
            [
              -46.5786356,
              -23.6727353
            ],
            [
              -46.5784828,
              -23.6727034
            ],
            [
              -46.5783669,
              -23.6726583
            ],
            [
              -46.5782489,
              -23.6726067
            ],
            [
              -46.578118,
              -23.6725363
            ],
            [
              -46.5779861,
              -23.6724544
            ],
            [
              -46.5779034,
              -23.6723742
            ],
            [
              -46.5778144,
              -23.67228
            ],
            [
              -46.5777345,
              -23.672185
            ],
            [
              -46.5776541,
              -23.6720767
            ],
            [
              -46.5775772,
              -23.6719753
            ],
            [
              -46.5777108,
              -23.6725802
            ],
            [
              -46.5778428,
              -23.6729343
            ],
            [
              -46.5783703,
              -23.6744181
            ],
            [
              -46.5785017,
              -23.6745495
            ],
            [
              -46.5787049,
              -23.6748118
            ],
            [
              -46.5787826,
              -23.674936
            ],
            [
              -46.5789557,
              -23.6752069
            ],
            [
              -46.5791529,
              -23.6755367
            ],
            [
              -46.5792685,
              -23.6757182
            ],
            [
              -46.5793061,
              -23.6757762
            ],
            [
              -46.5793374,
              -23.675818
            ],
            [
              -46.5793841,
              -23.6758673
            ],
            [
              -46.5794342,
              -23.6759203
            ],
            [
              -46.5795186,
              -23.6759905
            ],
            [
              -46.5795973,
              -23.6760495
            ],
            [
              -46.5796979,
              -23.6761028
            ],
            [
              -46.5798961,
              -23.6762066
            ],
            [
              -46.5801108,
              -23.6763362
            ],
            [
              -46.5802594,
              -23.6764464
            ],
            [
              -46.580368,
              -23.6765414
            ],
            [
              -46.580461,
              -23.6766364
            ],
            [
              -46.5805283,
              -23.6767329
            ],
            [
              -46.5805754,
              -23.6768113
            ],
            [
              -46.5806126,
              -23.6768896
            ],
            [
              -46.5806702,
              -23.6770196
            ],
            [
              -46.5807101,
              -23.6771312
            ],
            [
              -46.5807325,
              -23.6772212
            ],
            [
              -46.5807403,
              -23.6772882
            ],
            [
              -46.5807313,
              -23.6773734
            ],
            [
              -46.5807052,
              -23.677469
            ],
            [
              -46.5806629,
              -23.6775506
            ],
            [
              -46.5805579,
              -23.6776792
            ],
            [
              -46.580401,
              -23.6778423
            ],
            [
              -46.5803602,
              -23.6778788
            ],
            [
              -46.5802948,
              -23.6779309
            ],
            [
              -46.5802104,
              -23.6779782
            ],
            [
              -46.5801414,
              -23.6780143
            ],
            [
              -46.5800259,
              -23.6780694
            ],
            [
              -46.5799127,
              -23.6781188
            ],
            [
              -46.5797741,
              -23.6781781
            ],
            [
              -46.5796478,
              -23.6782317
            ],
            [
              -46.5795841,
              -23.678271
            ],
            [
              -46.5794866,
              -23.6783442
            ],
            [
              -46.5794354,
              -23.6783906
            ],
            [
              -46.5793913,
              -23.6784519
            ],
            [
              -46.5793472,
              -23.6785145
            ],
            [
              -46.5792973,
              -23.6785991
            ],
            [
              -46.5792459,
              -23.6786907
            ],
            [
              -46.5791816,
              -23.6788245
            ],
            [
              -46.5791027,
              -23.6791382
            ],
            [
              -46.5790211,
              -23.6794645
            ],
            [
              -46.5788946,
              -23.6796517
            ],
            [
              -46.5788089,
              -23.6797745
            ],
            [
              -46.5787537,
              -23.6798674
            ],
            [
              -46.5786909,
              -23.6799877
            ],
            [
              -46.5786629,
              -23.6801001
            ],
            [
              -46.5786503,
              -23.6802111
            ],
            [
              -46.5786425,
              -23.680335
            ],
            [
              -46.5786482,
              -23.6804669
            ],
            [
              -46.5786768,
              -23.6805988
            ],
            [
              -46.578735,
              -23.6807419
            ],
            [
              -46.5788148,
              -23.6808813
            ],
            [
              -46.5789249,
              -23.6810423
            ],
            [
              -46.5790521,
              -23.6812
            ],
            [
              -46.579242,
              -23.6814068
            ],
            [
              -46.5794039,
              -23.6816964
            ],
            [
              -46.5796542,
              -23.6821354
            ],
            [
              -46.5797402,
              -23.6823132
            ],
            [
              -46.5798082,
              -23.6824627
            ],
            [
              -46.5798725,
              -23.682595
            ],
            [
              -46.5799308,
              -23.6827407
            ],
            [
              -46.5799767,
              -23.682875
            ],
            [
              -46.5800229,
              -23.6830389
            ],
            [
              -46.5800563,
              -23.6831713
            ],
            [
              -46.5800886,
              -23.6833312
            ],
            [
              -46.5801211,
              -23.6835462
            ],
            [
              -46.5801436,
              -23.6837759
            ],
            [
              -46.5801426,
              -23.6840075
            ],
            [
              -46.580133,
              -23.6841097
            ],
            [
              -46.5801127,
              -23.6843136
            ],
            [
              -46.580078,
              -23.684509
            ],
            [
              -46.5800362,
              -23.6846935
            ],
            [
              -46.5799697,
              -23.684928
            ],
            [
              -46.5798603,
              -23.6852614
            ],
            [
              -46.5796223,
              -23.6859484
            ],
            [
              -46.5796427,
              -23.6864706
            ],
            [
              -46.5796353,
              -23.6867353
            ],
            [
              -46.5796968,
              -23.6869181
            ],
            [
              -46.579778,
              -23.6871379
            ],
            [
              -46.5798504,
              -23.6873649
            ],
            [
              -46.5798624,
              -23.6874425
            ],
            [
              -46.5798638,
              -23.6875201
            ],
            [
              -46.5798482,
              -23.6876188
            ],
            [
              -46.5798389,
              -23.6877299
            ],
            [
              -46.5798412,
              -23.6878299
            ],
            [
              -46.5798534,
              -23.6879175
            ],
            [
              -46.5798976,
              -23.6880831
            ],
            [
              -46.579928,
              -23.6882147
            ],
            [
              -46.5799628,
              -23.6883868
            ],
            [
              -46.5799589,
              -23.6884936
            ],
            [
              -46.5799338,
              -23.6885966
            ],
            [
              -46.5798848,
              -23.6886993
            ],
            [
              -46.5798795,
              -23.6887627
            ],
            [
              -46.5798827,
              -23.6888254
            ],
            [
              -46.5799286,
              -23.688899
            ],
            [
              -46.5799985,
              -23.6889846
            ],
            [
              -46.5800911,
              -23.68906
            ],
            [
              -46.5801695,
              -23.689092
            ],
            [
              -46.5802729,
              -23.6891211
            ],
            [
              -46.5803463,
              -23.6891323
            ],
            [
              -46.5804603,
              -23.6891857
            ],
            [
              -46.5805417,
              -23.6892465
            ],
            [
              -46.5805767,
              -23.6892827
            ],
            [
              -46.5806063,
              -23.6893424
            ],
            [
              -46.5806179,
              -23.6895354
            ],
            [
              -46.5805707,
              -23.6897947
            ],
            [
              -46.5805435,
              -23.6899341
            ],
            [
              -46.5802827,
              -23.6899685
            ],
            [
              -46.5800528,
              -23.6899975
            ],
            [
              -46.5799575,
              -23.6900101
            ],
            [
              -46.5798402,
              -23.690044
            ],
            [
              -46.5797429,
              -23.6901272
            ],
            [
              -46.5797098,
              -23.6902078
            ],
            [
              -46.579675,
              -23.6903013
            ],
            [
              -46.5796142,
              -23.6904462
            ],
            [
              -46.5795787,
              -23.6905364
            ],
            [
              -46.5795591,
              -23.6906392
            ],
            [
              -46.579554,
              -23.6907046
            ],
            [
              -46.5795615,
              -23.6908801
            ],
            [
              -46.5796096,
              -23.6912406
            ],
            [
              -46.5800328,
              -23.6914338
            ],
            [
              -46.5802199,
              -23.6915023
            ],
            [
              -46.5803749,
              -23.6916002
            ],
            [
              -46.5804898,
              -23.6917104
            ],
            [
              -46.5807784,
              -23.6920285
            ],
            [
              -46.580864,
              -23.6921631
            ],
            [
              -46.5809468,
              -23.6922953
            ],
            [
              -46.581027,
              -23.6924495
            ],
            [
              -46.5810992,
              -23.6925449
            ],
            [
              -46.5812221,
              -23.6926257
            ],
            [
              -46.5814065,
              -23.6926918
            ],
            [
              -46.5816898,
              -23.6927897
            ],
            [
              -46.5818635,
              -23.6928411
            ],
            [
              -46.5821121,
              -23.6928704
            ],
            [
              -46.582382,
              -23.6929267
            ],
            [
              -46.5825451,
              -23.6929757
            ],
            [
              -46.5827295,
              -23.6930613
            ],
            [
              -46.583319,
              -23.6933662
            ],
            [
              -46.5835088,
              -23.6934886
            ],
            [
              -46.5837012,
              -23.6936085
            ],
            [
              -46.583852,
              -23.6936422
            ],
            [
              -46.5839739,
              -23.6936786
            ],
            [
              -46.5841502,
              -23.6937407
            ],
            [
              -46.5843507,
              -23.6937994
            ],
            [
              -46.5844656,
              -23.6938802
            ],
            [
              -46.5845591,
              -23.6940246
            ],
            [
              -46.5847435,
              -23.6943501
            ],
            [
              -46.5849386,
              -23.6947588
            ],
            [
              -46.5850963,
              -23.6950427
            ],
            [
              -46.5852754,
              -23.6952727
            ],
            [
              -46.5854037,
              -23.6954098
            ],
            [
              -46.58616,
              -23.6961244
            ],
            [
              -46.5862256,
              -23.6962281
            ],
            [
              -46.5863124,
              -23.6964034
            ],
            [
              -46.5863792,
              -23.6965013
            ],
            [
              -46.5870073,
              -23.6970617
            ],
            [
              -46.5872211,
              -23.6971547
            ],
            [
              -46.5874189,
              -23.6972085
            ],
            [
              -46.5877369,
              -23.6972526
            ],
            [
              -46.5878866,
              -23.6972673
            ],
            [
              -46.5879988,
              -23.6973309
            ],
            [
              -46.5880728,
              -23.6974149
            ],
            [
              -46.5881734,
              -23.6975837
            ],
            [
              -46.5884197,
              -23.6980536
            ],
            [
              -46.5884967,
              -23.6981663
            ],
            [
              -46.588613,
              -23.698294
            ],
            [
              -46.5887199,
              -23.6983899
            ],
            [
              -46.5888011,
              -23.6984643
            ],
            [
              -46.5888299,
              -23.6985613
            ],
            [
              -46.5888247,
              -23.698664
            ],
            [
              -46.5884719,
              -23.6994609
            ],
            [
              -46.5884505,
              -23.6995705
            ],
            [
              -46.588459,
              -23.6996997
            ],
            [
              -46.5884834,
              -23.6997849
            ],
            [
              -46.5885689,
              -23.699929
            ],
            [
              -46.5886823,
              -23.7000238
            ],
            [
              -46.5887759,
              -23.7000537
            ],
            [
              -46.5890477,
              -23.7000946
            ],
            [
              -46.5891384,
              -23.700115
            ],
            [
              -46.5892222,
              -23.7001729
            ],
            [
              -46.5897664,
              -23.7007362
            ],
            [
              -46.5898812,
              -23.7009541
            ],
            [
              -46.5899512,
              -23.7011813
            ],
            [
              -46.5900793,
              -23.7013997
            ],
            [
              -46.5901009,
              -23.7016363
            ],
            [
              -46.5900492,
              -23.7017743
            ],
            [
              -46.5898899,
              -23.7020701
            ],
            [
              -46.5898382,
              -23.7022239
            ],
            [
              -46.5898597,
              -23.7024486
            ],
            [
              -46.5899114,
              -23.7026458
            ],
            [
              -46.5905746,
              -23.7040299
            ],
            [
              -46.5906133,
              -23.7042073
            ],
            [
              -46.5906004,
              -23.7043708
            ],
            [
              -46.5907302,
              -23.7046688
            ],
            [
              -46.5908588,
              -23.7048704
            ],
            [
              -46.590902,
              -23.7049765
            ],
            [
              -46.5909234,
              -23.7050866
            ],
            [
              -46.5909019,
              -23.7051931
            ],
            [
              -46.590665,
              -23.7055637
            ],
            [
              -46.5905718,
              -23.7057019
            ],
            [
              -46.5904787,
              -23.7058201
            ],
            [
              -46.590405,
              -23.7059393
            ],
            [
              -46.5903849,
              -23.7060206
            ],
            [
              -46.5904855,
              -23.7063058
            ],
            [
              -46.5906686,
              -23.7066653
            ],
            [
              -46.590819,
              -23.7068784
            ],
            [
              -46.5911288,
              -23.7071712
            ],
            [
              -46.5914382,
              -23.7073804
            ],
            [
              -46.591697,
              -23.707546
            ],
            [
              -46.5919745,
              -23.7077177
            ],
            [
              -46.592185,
              -23.7078691
            ],
            [
              -46.5923051,
              -23.7080077
            ],
            [
              -46.5924321,
              -23.7081419
            ],
            [
              -46.5925479,
              -23.7082789
            ],
            [
              -46.5926858,
              -23.7083908
            ],
            [
              -46.5929719,
              -23.708613
            ],
            [
              -46.5931872,
              -23.7087437
            ],
            [
              -46.5933642,
              -23.7088898
            ],
            [
              -46.5934911,
              -23.7090641
            ],
            [
              -46.5935947,
              -23.7091589
            ],
            [
              -46.5937818,
              -23.7091987
            ],
            [
              -46.5942027,
              -23.7092966
            ],
            [
              -46.5947372,
              -23.7094832
            ],
            [
              -46.594941,
              -23.7095872
            ],
            [
              -46.5950446,
              -23.7097156
            ],
            [
              -46.5951114,
              -23.7098227
            ],
            [
              -46.5952551,
              -23.7099359
            ],
            [
              -46.5956393,
              -23.7101653
            ],
            [
              -46.5959533,
              -23.7103396
            ],
            [
              -46.596107,
              -23.71041
            ],
            [
              -46.5962218,
              -23.7104566
            ],
            [
              -46.5964778,
              -23.7105935
            ],
            [
              -46.5965947,
              -23.7106486
            ],
            [
              -46.597029,
              -23.7108443
            ],
            [
              -46.5971192,
              -23.7109239
            ],
            [
              -46.5972295,
              -23.7110493
            ],
            [
              -46.5973804,
              -23.7113173
            ],
            [
              -46.5975794,
              -23.7116324
            ],
            [
              -46.5977807,
              -23.7118874
            ],
            [
              -46.5979344,
              -23.7121137
            ],
            [
              -46.598038,
              -23.7122239
            ],
            [
              -46.5983086,
              -23.7124104
            ],
            [
              -46.5986794,
              -23.712594
            ],
            [
              -46.5988564,
              -23.7126735
            ],
            [
              -46.5989604,
              -23.7127016
            ],
            [
              -46.5991891,
              -23.7128038
            ],
            [
              -46.5993314,
              -23.7129528
            ],
            [
              -46.5996707,
              -23.7134735
            ],
            [
              -46.5998548,
              -23.714012
            ],
            [
              -46.5999217,
              -23.7141588
            ],
            [
              -46.6001328,
              -23.714565
            ],
            [
              -46.6001863,
              -23.7147901
            ],
            [
              -46.6003012,
              -23.7150617
            ],
            [
              -46.6004963,
              -23.7153602
            ],
            [
              -46.6005016,
              -23.7154875
            ],
            [
              -46.6003947,
              -23.715622
            ],
            [
              -46.600352,
              -23.7157297
            ],
            [
              -46.6003765,
              -23.7158529
            ],
            [
              -46.6004191,
              -23.7159737
            ],
            [
              -46.6004649,
              -23.7160982
            ],
            [
              -46.6005364,
              -23.7162289
            ],
            [
              -46.6006272,
              -23.7163219
            ],
            [
              -46.6007662,
              -23.7164418
            ],
            [
              -46.6009694,
              -23.7165672
            ],
            [
              -46.6011269,
              -23.7166529
            ],
            [
              -46.601259,
              -23.7167377
            ],
            [
              -46.6015633,
              -23.7169618
            ],
            [
              -46.6018136,
              -23.7172096
            ],
            [
              -46.6020049,
              -23.7173093
            ],
            [
              -46.6022287,
              -23.7174053
            ],
            [
              -46.6025298,
              -23.7174703
            ],
            [
              -46.6027037,
              -23.7175511
            ],
            [
              -46.6030974,
              -23.7178252
            ],
            [
              -46.6032776,
              -23.7178925
            ],
            [
              -46.6033273,
              -23.7178813
            ],
            [
              -46.6033792,
              -23.7178393
            ],
            [
              -46.6034975,
              -23.717675
            ],
            [
              -46.6035393,
              -23.7175938
            ],
            [
              -46.6035611,
              -23.7175767
            ],
            [
              -46.6036188,
              -23.7175609
            ],
            [
              -46.6036402,
              -23.7176392
            ],
            [
              -46.6036851,
              -23.7178467
            ],
            [
              -46.6037535,
              -23.7179739
            ],
            [
              -46.6038968,
              -23.7180189
            ],
            [
              -46.6040094,
              -23.71802
            ],
            [
              -46.6040756,
              -23.7180376
            ],
            [
              -46.6040927,
              -23.7180964
            ],
            [
              -46.6041462,
              -23.7181257
            ],
            [
              -46.604174,
              -23.7180494
            ],
            [
              -46.6041547,
              -23.7179241
            ],
            [
              -46.6041312,
              -23.7178615
            ],
            [
              -46.6041903,
              -23.7178165
            ],
            [
              -46.6042326,
              -23.7178281
            ],
            [
              -46.6043152,
              -23.7179206
            ],
            [
              -46.604407,
              -23.7179848
            ],
            [
              -46.6044626,
              -23.7180122
            ],
            [
              -46.6045375,
              -23.7180689
            ],
            [
              -46.6048945,
              -23.7183763
            ],
            [
              -46.6049523,
              -23.7184605
            ],
            [
              -46.6049523,
              -23.7185388
            ],
            [
              -46.6049972,
              -23.7186014
            ],
            [
              -46.6050827,
              -23.7189185
            ],
            [
              -46.6051019,
              -23.7191182
            ],
            [
              -46.6050613,
              -23.71931
            ],
            [
              -46.6051307,
              -23.7197713
            ],
            [
              -46.6052129,
              -23.7208243
            ],
            [
              -46.6053772,
              -23.7216642
            ],
            [
              -46.6058153,
              -23.7223661
            ],
            [
              -46.6061576,
              -23.7232311
            ],
            [
              -46.6060207,
              -23.7238077
            ],
            [
              -46.6061987,
              -23.7250738
            ],
            [
              -46.6063356,
              -23.7261643
            ],
            [
              -46.6061987,
              -23.7272925
            ],
            [
              -46.6058975,
              -23.7285961
            ],
            [
              -46.6053909,
              -23.7295237
            ],
            [
              -46.6047747,
              -23.729837
            ],
            [
              -46.6050486,
              -23.7304261
            ],
            [
              -46.6054782,
              -23.7310604
            ],
            [
              -46.6054991,
              -23.7310917
            ],
            [
              -46.6061056,
              -23.7319985
            ],
            [
              -46.6071798,
              -23.7327449
            ],
            [
              -46.6083679,
              -23.7330669
            ],
            [
              -46.6097521,
              -23.7339637
            ],
            [
              -46.6100666,
              -23.7346302
            ],
            [
              -46.6105774,
              -23.7350572
            ],
            [
              -46.6108396,
              -23.7355764
            ],
            [
              -46.6108935,
              -23.7365719
            ],
            [
              -46.6110553,
              -23.7370985
            ],
            [
              -46.6117394,
              -23.7375236
            ],
            [
              -46.6124109,
              -23.7379137
            ],
            [
              -46.6131863,
              -23.7380067
            ],
            [
              -46.6153916,
              -23.7382569
            ],
            [
              -46.6172283,
              -23.7378846
            ],
            [
              -46.6178193,
              -23.7381347
            ],
            [
              -46.6181562,
              -23.7380707
            ],
            [
              -46.61869,
              -23.7385885
            ],
            [
              -46.6189315,
              -23.7388969
            ],
            [
              -46.6193203,
              -23.7391266
            ],
            [
              -46.6207492,
              -23.7386118
            ],
            [
              -46.6217978,
              -23.7378089
            ],
            [
              -46.6231605,
              -23.7371942
            ],
            [
              -46.623876,
              -23.7364476
            ],
            [
              -46.6243082,
              -23.7361334
            ],
            [
              -46.6249246,
              -23.7359764
            ],
            [
              -46.6252639,
              -23.7360782
            ],
            [
              -46.6255335,
              -23.7366377
            ],
            [
              -46.6260908,
              -23.7371478
            ],
            [
              -46.626684,
              -23.7366706
            ],
            [
              -46.6276007,
              -23.7367035
            ],
            [
              -46.6280321,
              -23.736358
            ],
            [
              -46.6282838,
              -23.7358972
            ],
            [
              -46.6284636,
              -23.7354858
            ],
            [
              -46.6289669,
              -23.7352225
            ],
            [
              -46.629596,
              -23.7351567
            ],
            [
              -46.6304409,
              -23.7354036
            ],
            [
              -46.6309981,
              -23.7351896
            ],
            [
              -46.6320228,
              -23.7355352
            ],
            [
              -46.6338743,
              -23.7363415
            ],
            [
              -46.6344275,
              -23.7362082
            ],
            [
              -46.6353782,
              -23.7349583
            ],
            [
              -46.6360519,
              -23.733914
            ],
            [
              -46.6367485,
              -23.7338494
            ],
            [
              -46.6375532,
              -23.7338871
            ],
            [
              -46.6381284,
              -23.7339858
            ],
            [
              -46.6385598,
              -23.7339776
            ],
            [
              -46.6387593,
              -23.7337744
            ],
            [
              -46.6388834,
              -23.7335415
            ],
            [
              -46.639926,
              -23.7318384
            ],
            [
              -46.640672,
              -23.7316821
            ],
            [
              -46.6414,
              -23.7318137
            ],
            [
              -46.642856,
              -23.7322991
            ],
            [
              -46.6444469,
              -23.7319207
            ],
            [
              -46.6454265,
              -23.7320852
            ],
            [
              -46.6464781,
              -23.7319947
            ],
            [
              -46.6474196,
              -23.7318492
            ],
            [
              -46.6520805,
              -23.7308183
            ],
            [
              -46.6485072,
              -23.740294
            ],
            [
              -46.6472025,
              -23.7488856
            ],
            [
              -46.6469622,
              -23.7504681
            ],
            [
              -46.6455231,
              -23.7579824
            ],
            [
              -46.6441176,
              -23.7606306
            ],
            [
              -46.6349446,
              -23.7691797
            ],
            [
              -46.6288022,
              -23.7759272
            ],
            [
              -46.6253073,
              -23.7799066
            ],
            [
              -46.6239124,
              -23.7823805
            ],
            [
              -46.6232251,
              -23.783819
            ],
            [
              -46.6224276,
              -23.7851119
            ],
            [
              -46.6229239,
              -23.800063
            ],
            [
              -46.6250911,
              -23.8065012
            ],
            [
              -46.6246405,
              -23.8130274
            ],
            [
              -46.624234,
              -23.8166321
            ],
            [
              -46.6265182,
              -23.8199617
            ],
            [
              -46.6291113,
              -23.8231389
            ],
            [
              -46.6308857,
              -23.825244
            ],
            [
              -46.6321775,
              -23.8266854
            ],
            [
              -46.6339104,
              -23.8287491
            ],
            [
              -46.633789,
              -23.8309584
            ],
            [
              -46.6339329,
              -23.8319773
            ],
            [
              -46.6339075,
              -23.8340887
            ],
            [
              -46.6337421,
              -23.8376038
            ],
            [
              -46.6338724,
              -23.8386672
            ],
            [
              -46.6335401,
              -23.8412617
            ],
            [
              -46.6334798,
              -23.8437704
            ],
            [
              -46.6334902,
              -23.8452357
            ],
            [
              -46.6330302,
              -23.8470858
            ],
            [
              -46.6330792,
              -23.8487693
            ],
            [
              -46.6326042,
              -23.85108
            ],
            [
              -46.6321714,
              -23.8524445
            ],
            [
              -46.6315135,
              -23.8531507
            ],
            [
              -46.6312165,
              -23.8533605
            ],
            [
              -46.6305906,
              -23.8538024
            ],
            [
              -46.6304288,
              -23.8539167
            ],
            [
              -46.629541,
              -23.8543342
            ],
            [
              -46.6279176,
              -23.8548214
            ],
            [
              -46.6254826,
              -23.8557262
            ],
            [
              -46.6241262,
              -23.8565931
            ],
            [
              -46.6229518,
              -23.8579478
            ],
            [
              -46.6225615,
              -23.8582861
            ],
            [
              -46.6220261,
              -23.8584275
            ],
            [
              -46.6191412,
              -23.8600178
            ],
            [
              -46.6179589,
              -23.8604811
            ],
            [
              -46.6178025,
              -23.8605424
            ],
            [
              -46.6159765,
              -23.8620782
            ],
            [
              -46.6157244,
              -23.8624987
            ],
            [
              -46.6158796,
              -23.8631228
            ],
            [
              -46.6163322,
              -23.8637459
            ],
            [
              -46.6164957,
              -23.8643698
            ],
            [
              -46.6166319,
              -23.8659315
            ],
            [
              -46.6168078,
              -23.868256
            ],
            [
              -46.6166117,
              -23.8695682
            ],
            [
              -46.6160826,
              -23.8708311
            ],
            [
              -46.6161849,
              -23.8715121
            ],
            [
              -46.6163072,
              -23.8740844
            ],
            [
              -46.6161513,
              -23.8758097
            ],
            [
              -46.6162499,
              -23.8768514
            ],
            [
              -46.6163845,
              -23.8772837
            ],
            [
              -46.6166606,
              -23.8782332
            ],
            [
              -46.616564,
              -23.8784332
            ],
            [
              -46.6166027,
              -23.8798047
            ],
            [
              -46.6165892,
              -23.8801867
            ],
            [
              -46.6166221,
              -23.8813114
            ],
            [
              -46.6166431,
              -23.8820256
            ],
            [
              -46.6167983,
              -23.8825728
            ],
            [
              -46.6169035,
              -23.8829434
            ],
            [
              -46.6171902,
              -23.8839542
            ],
            [
              -46.6173408,
              -23.8844846
            ],
            [
              -46.6176097,
              -23.8860009
            ],
            [
              -46.6170109,
              -23.8901679
            ],
            [
              -46.6167572,
              -23.8904695
            ],
            [
              -46.6164591,
              -23.8911137
            ],
            [
              -46.6161991,
              -23.8916757
            ],
            [
              -46.6162546,
              -23.8920016
            ],
            [
              -46.6163133,
              -23.8924644
            ],
            [
              -46.61592,
              -23.8933111
            ],
            [
              -46.6156536,
              -23.8944129
            ],
            [
              -46.6151843,
              -23.8948768
            ],
            [
              -46.6150714,
              -23.8953514
            ],
            [
              -46.614994,
              -23.8956771
            ],
            [
              -46.6155014,
              -23.8966165
            ],
            [
              -46.615197,
              -23.8972892
            ],
            [
              -46.6151804,
              -23.8983333
            ],
            [
              -46.6151589,
              -23.8996899
            ],
            [
              -46.6145964,
              -23.9000956
            ],
            [
              -46.6139834,
              -23.9005378
            ],
            [
              -46.6137762,
              -23.9006873
            ],
            [
              -46.613888,
              -23.9009493
            ],
            [
              -46.6139792,
              -23.9011628
            ],
            [
              -46.6139735,
              -23.9014909
            ],
            [
              -46.6139665,
              -23.901905
            ],
            [
              -46.6135701,
              -23.9018933
            ],
            [
              -46.61318,
              -23.9018818
            ],
            [
              -46.6121037,
              -23.9026335
            ],
            [
              -46.6109066,
              -23.9033484
            ],
            [
              -46.6098672,
              -23.903872
            ],
            [
              -46.6094158,
              -23.9040679
            ],
            [
              -46.6092127,
              -23.904063
            ],
            [
              -46.6089016,
              -23.9040927
            ],
            [
              -46.6086011,
              -23.90422
            ],
            [
              -46.6084601,
              -23.9043752
            ],
            [
              -46.6084587,
              -23.9045862
            ],
            [
              -46.6096438,
              -23.9053151
            ],
            [
              -46.6099035,
              -23.9055328
            ],
            [
              -46.6104918,
              -23.9063954
            ],
            [
              -46.6110743,
              -23.9072745
            ],
            [
              -46.6122108,
              -23.9076467
            ],
            [
              -46.6121351,
              -23.9076242
            ],
            [
              -46.6124665,
              -23.9080891
            ],
            [
              -46.6125162,
              -23.9083007
            ],
            [
              -46.6124262,
              -23.9087476
            ],
            [
              -46.6121828,
              -23.9092504
            ],
            [
              -46.6119622,
              -23.9094927
            ],
            [
              -46.6115314,
              -23.9097597
            ],
            [
              -46.6113625,
              -23.910103
            ],
            [
              -46.6112918,
              -23.9103913
            ],
            [
              -46.6116197,
              -23.9107999
            ],
            [
              -46.6117339,
              -23.9114377
            ],
            [
              -46.6114426,
              -23.9118279
            ],
            [
              -46.6112852,
              -23.9120659
            ],
            [
              -46.6115056,
              -23.9128293
            ],
            [
              -46.6116726,
              -23.9135123
            ],
            [
              -46.6117466,
              -23.9138149
            ],
            [
              -46.6115943,
              -23.9141165
            ],
            [
              -46.6113643,
              -23.9141865
            ],
            [
              -46.6112532,
              -23.914182
            ],
            [
              -46.610643,
              -23.9139541
            ],
            [
              -46.6097296,
              -23.9140237
            ],
            [
              -46.6092729,
              -23.914418
            ],
            [
              -46.6086015,
              -23.9144273
            ],
            [
              -46.6084357,
              -23.9144296
            ],
            [
              -46.6083098,
              -23.915273
            ],
            [
              -46.6083759,
              -23.9154652
            ],
            [
              -46.6089453,
              -23.9159563
            ],
            [
              -46.6091334,
              -23.9161806
            ],
            [
              -46.6098184,
              -23.9183026
            ],
            [
              -46.6097677,
              -23.9188129
            ],
            [
              -46.6095393,
              -23.9191839
            ],
            [
              -46.6092242,
              -23.9195399
            ],
            [
              -46.6087309,
              -23.9200972
            ],
            [
              -46.6087507,
              -23.9207171
            ],
            [
              -46.6087655,
              -23.9211784
            ],
            [
              -46.608772,
              -23.9219707
            ],
            [
              -46.6087782,
              -23.9227206
            ],
            [
              -46.6093362,
              -23.923312
            ],
            [
              -46.6104018,
              -23.9241932
            ],
            [
              -46.6105667,
              -23.9245527
            ],
            [
              -46.6104144,
              -23.924831
            ],
            [
              -46.6098795,
              -23.9250529
            ],
            [
              -46.6095668,
              -23.9253707
            ],
            [
              -46.6094139,
              -23.9258032
            ],
            [
              -46.6094689,
              -23.9264345
            ],
            [
              -46.610022,
              -23.9270547
            ],
            [
              -46.6105647,
              -23.9273605
            ],
            [
              -46.610937,
              -23.9275772
            ],
            [
              -46.6112459,
              -23.9279793
            ],
            [
              -46.611322,
              -23.9284304
            ],
            [
              -46.6113795,
              -23.9293072
            ],
            [
              -46.6114661,
              -23.9295118
            ],
            [
              -46.6123752,
              -23.9296372
            ],
            [
              -46.6128154,
              -23.9297748
            ],
            [
              -46.6129571,
              -23.9301319
            ],
            [
              -46.6128807,
              -23.9307705
            ],
            [
              -46.6139083,
              -23.9310196
            ],
            [
              -46.614563,
              -23.930863
            ],
            [
              -46.6149097,
              -23.9307007
            ],
            [
              -46.6157413,
              -23.9302103
            ],
            [
              -46.6160974,
              -23.9301183
            ],
            [
              -46.6162523,
              -23.9301798
            ],
            [
              -46.616397,
              -23.9302844
            ],
            [
              -46.6163889,
              -23.9304148
            ],
            [
              -46.6163706,
              -23.930712
            ],
            [
              -46.6163313,
              -23.9313468
            ],
            [
              -46.6162885,
              -23.9322844
            ],
            [
              -46.6157935,
              -23.9326903
            ],
            [
              -46.6153014,
              -23.9330052
            ],
            [
              -46.6153986,
              -23.9335412
            ],
            [
              -46.6155257,
              -23.9342416
            ],
            [
              -46.615634,
              -23.9348389
            ],
            [
              -46.6161752,
              -23.9350361
            ],
            [
              -46.6161919,
              -23.9353047
            ],
            [
              -46.6157759,
              -23.935924
            ],
            [
              -46.6154205,
              -23.93639
            ],
            [
              -46.6148291,
              -23.9364863
            ],
            [
              -46.6140745,
              -23.9363875
            ],
            [
              -46.61397,
              -23.9365099
            ],
            [
              -46.6136648,
              -23.9367625
            ],
            [
              -46.613074,
              -23.9372515
            ],
            [
              -46.6127486,
              -23.9375209
            ],
            [
              -46.6124582,
              -23.9377612
            ],
            [
              -46.6119738,
              -23.9376485
            ],
            [
              -46.6115516,
              -23.9375503
            ],
            [
              -46.6108543,
              -23.9376582
            ],
            [
              -46.6106192,
              -23.9375573
            ],
            [
              -46.610409,
              -23.937467
            ],
            [
              -46.6100442,
              -23.9369326
            ],
            [
              -46.6097492,
              -23.9366727
            ],
            [
              -46.609165,
              -23.9366917
            ],
            [
              -46.6082418,
              -23.9367217
            ],
            [
              -46.608038,
              -23.9368296
            ],
            [
              -46.607,
              -23.938
            ],
            [
              -46.6071206,
              -23.939134
            ],
            [
              -46.6076732,
              -23.9406441
            ],
            [
              -46.608569,
              -23.9408647
            ],
            [
              -46.6083343,
              -23.9418403
            ],
            [
              -46.6069114,
              -23.9445075
            ],
            [
              -46.6076946,
              -23.9454292
            ],
            [
              -46.6072011,
              -23.9466941
            ],
            [
              -46.6075364,
              -23.9482353
            ],
            [
              -46.6088656,
              -23.9482894
            ],
            [
              -46.6089392,
              -23.9482924
            ],
            [
              -46.609061,
              -23.9486068
            ],
            [
              -46.6092503,
              -23.9490956
            ],
            [
              -46.6093683,
              -23.9494004
            ],
            [
              -46.6102013,
              -23.9494859
            ],
            [
              -46.6107416,
              -23.94942
            ],
            [
              -46.6109669,
              -23.9496504
            ],
            [
              -46.6109026,
              -23.9501407
            ],
            [
              -46.6109716,
              -23.9504611
            ],
            [
              -46.6108489,
              -23.9506799
            ],
            [
              -46.6106835,
              -23.950858
            ],
            [
              -46.609143,
              -23.9517535
            ],
            [
              -46.6079951,
              -23.9530772
            ],
            [
              -46.6069865,
              -23.9536655
            ],
            [
              -46.6069347,
              -23.954087
            ],
            [
              -46.607008,
              -23.9549696
            ],
            [
              -46.6071046,
              -23.9555775
            ],
            [
              -46.6068363,
              -23.9562638
            ],
            [
              -46.6063213,
              -23.9564305
            ],
            [
              -46.606236,
              -23.9568138
            ],
            [
              -46.6065896,
              -23.9569599
            ],
            [
              -46.6069222,
              -23.9572442
            ],
            [
              -46.6072977,
              -23.9581266
            ],
            [
              -46.6081292,
              -23.9582884
            ],
            [
              -46.6084481,
              -23.9584919
            ],
            [
              -46.6084993,
              -23.9586365
            ],
            [
              -46.6079843,
              -23.9594797
            ],
            [
              -46.6087461,
              -23.9595189
            ],
            [
              -46.6090733,
              -23.9596806
            ],
            [
              -46.6092181,
              -23.9599601
            ],
            [
              -46.6088426,
              -23.9609405
            ],
            [
              -46.6087508,
              -23.9611304
            ],
            [
              -46.6084641,
              -23.9617236
            ],
            [
              -46.608274,
              -23.962117
            ],
            [
              -46.6082525,
              -23.9626758
            ],
            [
              -46.6078878,
              -23.9634111
            ],
            [
              -46.6082633,
              -23.9635484
            ],
            [
              -46.608671,
              -23.9639308
            ],
            [
              -46.609143,
              -23.9642445
            ],
            [
              -46.6092536,
              -23.9642782
            ],
            [
              -46.609658,
              -23.9644014
            ],
            [
              -46.6100872,
              -23.9644112
            ],
            [
              -46.6104949,
              -23.9647249
            ],
            [
              -46.6105056,
              -23.9650288
            ],
            [
              -46.6101086,
              -23.9651072
            ],
            [
              -46.609996,
              -23.9652004
            ],
            [
              -46.6099584,
              -23.9653572
            ],
            [
              -46.6101738,
              -23.9656618
            ],
            [
              -46.6095078,
              -23.9658131
            ],
            [
              -46.6088212,
              -23.9663033
            ],
            [
              -46.6084993,
              -23.9666955
            ],
            [
              -46.6081989,
              -23.9667837
            ],
            [
              -46.6076517,
              -23.9669798
            ],
            [
              -46.6075337,
              -23.9663817
            ],
            [
              -46.6070938,
              -23.9660092
            ],
            [
              -46.6057205,
              -23.9660288
            ],
            [
              -46.60483,
              -23.965421
            ],
            [
              -46.6045404,
              -23.9648523
            ],
            [
              -46.6040254,
              -23.9649308
            ],
            [
              -46.6036821,
              -23.9654014
            ],
            [
              -46.6038752,
              -23.9663817
            ],
            [
              -46.6034138,
              -23.9668131
            ],
            [
              -46.6027808,
              -23.9666955
            ],
            [
              -46.6023624,
              -23.966019
            ],
            [
              -46.601193,
              -23.9661268
            ],
            [
              -46.5996051,
              -23.9656759
            ],
            [
              -46.5987253,
              -23.9649994
            ],
            [
              -46.596157,
              -23.9635727
            ],
            [
              -46.5957964,
              -23.9638719
            ],
            [
              -46.5955603,
              -23.9646366
            ],
            [
              -46.595217,
              -23.9653229
            ],
            [
              -46.594069,
              -23.9645092
            ],
            [
              -46.5925884,
              -23.9638033
            ],
            [
              -46.5922666,
              -23.9630876
            ],
            [
              -46.5917087,
              -23.9623719
            ],
            [
              -46.590153,
              -23.9616366
            ],
            [
              -46.5903089,
              -23.9608235
            ],
            [
              -46.5891981,
              -23.9604797
            ],
            [
              -46.5870416,
              -23.9605091
            ],
            [
              -46.5857005,
              -23.9595777
            ],
            [
              -46.5841556,
              -23.9588718
            ],
            [
              -46.5829003,
              -23.9586169
            ],
            [
              -46.5820634,
              -23.9574501
            ],
            [
              -46.5813124,
              -23.95595
            ],
            [
              -46.5795923,
              -23.9556863
            ],
            [
              -46.5785873,
              -23.9564893
            ],
            [
              -46.5777075,
              -23.9578913
            ],
            [
              -46.5766352,
              -23.9579217
            ],
            [
              -46.5759158,
              -23.9566462
            ],
            [
              -46.5768814,
              -23.9539597
            ],
            [
              -46.5766025,
              -23.9538322
            ],
            [
              -46.5759909,
              -23.9540675
            ],
            [
              -46.5757978,
              -23.9531949
            ],
            [
              -46.5749824,
              -23.9533126
            ],
            [
              -46.5745801,
              -23.9531704
            ],
            [
              -46.5743387,
              -23.9527047
            ],
            [
              -46.5740651,
              -23.9525478
            ],
            [
              -46.5735126,
              -23.9532488
            ],
            [
              -46.5730591,
              -23.9532207
            ],
            [
              -46.5726006,
              -23.9531655
            ],
            [
              -46.571753,
              -23.9528223
            ],
            [
              -46.5714687,
              -23.9522046
            ],
            [
              -46.5713561,
              -23.9515134
            ],
            [
              -46.570015,
              -23.9483512
            ],
            [
              -46.5693519,
              -23.9476074
            ],
            [
              -46.5684314,
              -23.9472257
            ],
            [
              -46.5676353,
              -23.9472525
            ],
            [
              -46.5672684,
              -23.9473511
            ],
            [
              -46.5669388,
              -23.9477434
            ],
            [
              -46.5668508,
              -23.9480848
            ],
            [
              -46.567236,
              -23.9492549
            ],
            [
              -46.5670401,
              -23.9500724
            ],
            [
              -46.5664959,
              -23.9504691
            ],
            [
              -46.5668929,
              -23.9514496
            ],
            [
              -46.56678,
              -23.9523902
            ],
            [
              -46.566453,
              -23.9525576
            ],
            [
              -46.5659506,
              -23.9524141
            ],
            [
              -46.5637734,
              -23.9485938
            ],
            [
              -46.56,
              -23.946
            ],
            [
              -46.5572477,
              -23.9408598
            ],
            [
              -46.55478,
              -23.9392909
            ],
            [
              -46.5536952,
              -23.9389606
            ],
            [
              -46.5526343,
              -23.9366433
            ],
            [
              -46.551261,
              -23.9353096
            ],
            [
              -46.5489865,
              -23.9337406
            ],
            [
              -46.5483856,
              -23.9320735
            ],
            [
              -46.5484286,
              -23.931191
            ],
            [
              -46.5475923,
              -23.9302945
            ],
            [
              -46.5467066,
              -23.9301809
            ],
            [
              -46.5456774,
              -23.9302609
            ],
            [
              -46.544567,
              -23.9296627
            ],
            [
              -46.5440638,
              -23.9294321
            ],
            [
              -46.5435791,
              -23.92921
            ],
            [
              -46.5432894,
              -23.9289845
            ],
            [
              -46.5429997,
              -23.9280332
            ],
            [
              -46.5431392,
              -23.927587
            ],
            [
              -46.5430435,
              -23.9271473
            ],
            [
              -46.5421307,
              -23.9264936
            ],
            [
              -46.5418587,
              -23.9265164
            ],
            [
              -46.5416104,
              -23.9266456
            ],
            [
              -46.5413784,
              -23.9266148
            ],
            [
              -46.5410243,
              -23.9263157
            ],
            [
              -46.540866,
              -23.9256691
            ],
            [
              -46.540795,
              -23.9254099
            ],
            [
              -46.5406555,
              -23.9251525
            ],
            [
              -46.540516,
              -23.9249588
            ],
            [
              -46.5401807,
              -23.9248926
            ],
            [
              -46.5393412,
              -23.9248705
            ],
            [
              -46.5390007,
              -23.9249818
            ],
            [
              -46.5385433,
              -23.9251819
            ],
            [
              -46.5381221,
              -23.9254085
            ],
            [
              -46.5378934,
              -23.9254329
            ],
            [
              -46.5376236,
              -23.9252302
            ],
            [
              -46.5369326,
              -23.9247112
            ],
            [
              -46.53649,
              -23.9246597
            ],
            [
              -46.535867,
              -23.9248815
            ],
            [
              -46.5354574,
              -23.9250446
            ],
            [
              -46.5344918,
              -23.924542
            ],
            [
              -46.5339232,
              -23.9243655
            ],
            [
              -46.5334886,
              -23.9241816
            ],
            [
              -46.5333894,
              -23.9239903
            ],
            [
              -46.5333706,
              -23.9236986
            ],
            [
              -46.5336335,
              -23.9224629
            ],
            [
              -46.5334618,
              -23.921796
            ],
            [
              -46.533435,
              -23.9214773
            ],
            [
              -46.5334886,
              -23.9211095
            ],
            [
              -46.5341056,
              -23.9205799
            ],
            [
              -46.5341263,
              -23.9202843
            ],
            [
              -46.5331507,
              -23.9195991
            ],
            [
              -46.5329737,
              -23.9192951
            ],
            [
              -46.5329576,
              -23.9183732
            ],
            [
              -46.5324158,
              -23.9175347
            ],
            [
              -46.5325284,
              -23.9170884
            ],
            [
              -46.5309835,
              -23.9164902
            ],
            [
              -46.5291917,
              -23.9164117
            ],
            [
              -46.5276039,
              -23.9158232
            ],
            [
              -46.525957,
              -23.915328
            ],
            [
              -46.5255364,
              -23.9150789
            ],
            [
              -46.5245354,
              -23.9131948
            ],
            [
              -46.523366,
              -23.912979
            ],
            [
              -46.5225077,
              -23.9120472
            ],
            [
              -46.5217942,
              -23.9121845
            ],
            [
              -46.5212417,
              -23.9118511
            ],
            [
              -46.5208876,
              -23.9113607
            ],
            [
              -46.520775,
              -23.9108065
            ],
            [
              -46.5209895,
              -23.9106496
            ],
            [
              -46.5218511,
              -23.910728
            ],
            [
              -46.5223292,
              -23.9113568
            ],
            [
              -46.5224669,
              -23.9113744
            ],
            [
              -46.5227383,
              -23.9112773
            ],
            [
              -46.5228725,
              -23.9108703
            ],
            [
              -46.522572,
              -23.9096345
            ],
            [
              -46.5223253,
              -23.9092323
            ],
            [
              -46.5209413,
              -23.908889
            ],
            [
              -46.5207374,
              -23.9087272
            ],
            [
              -46.5206516,
              -23.9085703
            ],
            [
              -46.5207374,
              -23.9083692
            ],
            [
              -46.5210915,
              -23.9082564
            ],
            [
              -46.5219096,
              -23.9083496
            ],
            [
              -46.5223253,
              -23.9082098
            ],
            [
              -46.5224621,
              -23.9080406
            ],
            [
              -46.5224862,
              -23.9078837
            ],
            [
              -46.5223897,
              -23.9076238
            ],
            [
              -46.5211129,
              -23.9062506
            ],
            [
              -46.5202038,
              -23.9049313
            ],
            [
              -46.5192568,
              -23.904642
            ],
            [
              -46.5168429,
              -23.9045733
            ],
            [
              -46.5148044,
              -23.9052207
            ],
            [
              -46.5142894,
              -23.9052747
            ],
            [
              -46.5137744,
              -23.9052207
            ],
            [
              -46.5122616,
              -23.9043478
            ],
            [
              -46.5118808,
              -23.904181
            ],
            [
              -46.5114087,
              -23.9041025
            ],
            [
              -46.5108937,
              -23.9041271
            ],
            [
              -46.5097565,
              -23.9043772
            ],
            [
              -46.5094507,
              -23.9043968
            ],
            [
              -46.5086621,
              -23.9041663
            ],
            [
              -46.5084207,
              -23.9041393
            ],
            [
              -46.5082061,
              -23.9041957
            ],
            [
              -46.5068865,
              -23.9047107
            ],
            [
              -46.505245,
              -23.9042546
            ],
            [
              -46.5049982,
              -23.9042202
            ],
            [
              -46.5045583,
              -23.9043429
            ],
            [
              -46.5041506,
              -23.904539
            ],
            [
              -46.5037537,
              -23.9045341
            ],
            [
              -46.5027211,
              -23.9040785
            ],
            [
              -46.5006349,
              -23.9020176
            ],
            [
              -46.500299,
              -23.9019054
            ],
            [
              -46.4997411,
              -23.9021604
            ],
            [
              -46.4991617,
              -23.9022389
            ],
            [
              -46.4985287,
              -23.90218
            ],
            [
              -46.4979708,
              -23.9019348
            ],
            [
              -46.4968657,
              -23.9012825
            ],
            [
              -46.4964688,
              -23.9008411
            ],
            [
              -46.4960986,
              -23.9001153
            ],
            [
              -46.4960622,
              -23.8997034
            ],
            [
              -46.4960107,
              -23.8994929
            ],
            [
              -46.4958358,
              -23.8991001
            ],
            [
              -46.4955998,
              -23.8988107
            ],
            [
              -46.4952081,
              -23.898438
            ],
            [
              -46.4945161,
              -23.8979524
            ],
            [
              -46.4938402,
              -23.8973344
            ],
            [
              -46.4934272,
              -23.8970206
            ],
            [
              -46.4931107,
              -23.8966576
            ],
            [
              -46.4929766,
              -23.8961426
            ],
            [
              -46.4931321,
              -23.8956767
            ],
            [
              -46.4931071,
              -23.8952866
            ],
            [
              -46.4926493,
              -23.8943034
            ],
            [
              -46.4925528,
              -23.8938326
            ],
            [
              -46.4925742,
              -23.8933617
            ],
            [
              -46.4926922,
              -23.892832
            ],
            [
              -46.4930463,
              -23.8923219
            ],
            [
              -46.4935827,
              -23.8916254
            ],
            [
              -46.4936471,
              -23.8913949
            ],
            [
              -46.4936042,
              -23.8911742
            ],
            [
              -46.4933606,
              -23.8908163
            ],
            [
              -46.4933259,
              -23.8907677
            ],
            [
              -46.4932783,
              -23.8907187
            ],
            [
              -46.4930084,
              -23.890472
            ],
            [
              -46.4928398,
              -23.8903232
            ],
            [
              -46.4922604,
              -23.8899137
            ],
            [
              -46.4915899,
              -23.8897518
            ],
            [
              -46.4914852,
              -23.8896831
            ],
            [
              -46.4913806,
              -23.889563
            ],
            [
              -46.4912278,
              -23.8892123
            ],
            [
              -46.4903051,
              -23.8880743
            ],
            [
              -46.4901066,
              -23.8878291
            ],
            [
              -46.4897204,
              -23.8868677
            ],
            [
              -46.4887548,
              -23.8857985
            ],
            [
              -46.4881539,
              -23.8853668
            ],
            [
              -46.4879826,
              -23.8851236
            ],
            [
              -46.4879537,
              -23.8847621
            ],
            [
              -46.4879266,
              -23.8846697
            ],
            [
              -46.4878703,
              -23.8845507
            ],
            [
              -46.4877918,
              -23.8844447
            ],
            [
              -46.4877081,
              -23.8843613
            ],
            [
              -46.4876061,
              -23.8842828
            ],
            [
              -46.4875042,
              -23.8842307
            ],
            [
              -46.4874254,
              -23.8841963
            ],
            [
              -46.4873463,
              -23.8841691
            ],
            [
              -46.4871776,
              -23.884121
            ],
            [
              -46.4865956,
              -23.8840032
            ],
            [
              -46.4864762,
              -23.8839591
            ],
            [
              -46.4862093,
              -23.8838132
            ],
            [
              -46.4855951,
              -23.8834121
            ],
            [
              -46.4854315,
              -23.8833239
            ],
            [
              -46.485229,
              -23.8832331
            ],
            [
              -46.485005,
              -23.8831792
            ],
            [
              -46.4847422,
              -23.8831351
            ],
            [
              -46.4844042,
              -23.883135
            ],
            [
              -46.483967,
              -23.8831497
            ],
            [
              -46.4837417,
              -23.8831718
            ],
            [
              -46.4835674,
              -23.8832233
            ],
            [
              -46.4832777,
              -23.883341
            ],
            [
              -46.4831382,
              -23.8834355
            ],
            [
              -46.4830309,
              -23.8835568
            ],
            [
              -46.4829545,
              -23.8837751
            ],
            [
              -46.4829559,
              -23.883899
            ],
            [
              -46.4833286,
              -23.8847218
            ],
            [
              -46.4833688,
              -23.8848739
            ],
            [
              -46.483342,
              -23.8850112
            ],
            [
              -46.4832214,
              -23.8850578
            ],
            [
              -46.4830166,
              -23.8850073
            ],
            [
              -46.4824682,
              -23.8845031
            ],
            [
              -46.4809522,
              -23.8828236
            ],
            [
              -46.4806652,
              -23.8823502
            ],
            [
              -46.4804828,
              -23.8821025
            ],
            [
              -46.4800456,
              -23.8817199
            ],
            [
              -46.4797399,
              -23.8814991
            ],
            [
              -46.479544,
              -23.8812588
            ],
            [
              -46.4793831,
              -23.880864
            ],
            [
              -46.4792195,
              -23.8806138
            ],
            [
              -46.4790747,
              -23.8804887
            ],
            [
              -46.4787394,
              -23.8802802
            ],
            [
              -46.4781454,
              -23.8800349
            ],
            [
              -46.4772749,
              -23.8795812
            ],
            [
              -46.4763281,
              -23.8791299
            ],
            [
              -46.4757541,
              -23.8788798
            ],
            [
              -46.4754456,
              -23.8787253
            ],
            [
              -46.4751803,
              -23.878484
            ],
            [
              -46.475054,
              -23.8782985
            ],
            [
              -46.4749011,
              -23.8779944
            ],
            [
              -46.4748287,
              -23.8775946
            ],
            [
              -46.4747643,
              -23.8772929
            ],
            [
              -46.4746597,
              -23.8770501
            ],
            [
              -46.4744747,
              -23.8766185
            ],
            [
              -46.4744264,
              -23.8763928
            ],
            [
              -46.4743674,
              -23.8762162
            ],
            [
              -46.4742306,
              -23.87602
            ],
            [
              -46.4740455,
              -23.8758434
            ],
            [
              -46.47378,
              -23.875657
            ],
            [
              -46.4736298,
              -23.8754804
            ],
            [
              -46.4735386,
              -23.8752719
            ],
            [
              -46.4734098,
              -23.8750781
            ],
            [
              -46.4732542,
              -23.8748403
            ],
            [
              -46.4729431,
              -23.8744282
            ],
            [
              -46.4725676,
              -23.874053
            ],
            [
              -46.4721385,
              -23.8736949
            ],
            [
              -46.4717844,
              -23.8734569
            ],
            [
              -46.471433,
              -23.8731307
            ],
            [
              -46.4712372,
              -23.873013
            ],
            [
              -46.4709395,
              -23.8729983
            ],
            [
              -46.4704406,
              -23.87304
            ],
            [
              -46.4701557,
              -23.8730314
            ],
            [
              -46.4698814,
              -23.8728891
            ],
            [
              -46.4695981,
              -23.8727241
            ],
            [
              -46.4694789,
              -23.872455
            ],
            [
              -46.4690727,
              -23.8717204
            ],
            [
              -46.4686301,
              -23.871193
            ],
            [
              -46.4685416,
              -23.8708374
            ],
            [
              -46.4684398,
              -23.8705357
            ],
            [
              -46.4682305,
              -23.8702733
            ],
            [
              -46.4678603,
              -23.8700967
            ],
            [
              -46.4676016,
              -23.8697631
            ],
            [
              -46.4672434,
              -23.8690125
            ],
            [
              -46.4669002,
              -23.8673771
            ],
            [
              -46.4661115,
              -23.8659465
            ],
            [
              -46.4659935,
              -23.8653872
            ],
            [
              -46.4658058,
              -23.8649997
            ],
            [
              -46.4658111,
              -23.8647396
            ],
            [
              -46.4659732,
              -23.8642662
            ],
            [
              -46.4661276,
              -23.8642049
            ],
            [
              -46.4663637,
              -23.8643521
            ],
            [
              -46.4668143,
              -23.8648329
            ],
            [
              -46.4670771,
              -23.8649702
            ],
            [
              -46.4673816,
              -23.8650034
            ],
            [
              -46.4676244,
              -23.8650004
            ],
            [
              -46.4677772,
              -23.8649555
            ],
            [
              -46.4678808,
              -23.86491
            ],
            [
              -46.4680159,
              -23.8648034
            ],
            [
              -46.4680696,
              -23.8646771
            ],
            [
              -46.4680964,
              -23.8645189
            ],
            [
              -46.4681031,
              -23.864384
            ],
            [
              -46.4680897,
              -23.8643018
            ],
            [
              -46.4680616,
              -23.8642454
            ],
            [
              -46.4679402,
              -23.8641105
            ],
            [
              -46.4678724,
              -23.8640725
            ],
            [
              -46.4678078,
              -23.8640649
            ],
            [
              -46.4677106,
              -23.8640685
            ],
            [
              -46.4674687,
              -23.8641412
            ],
            [
              -46.4673507,
              -23.8641289
            ],
            [
              -46.4672488,
              -23.8640872
            ],
            [
              -46.4670101,
              -23.8637953
            ],
            [
              -46.4668545,
              -23.8634617
            ],
            [
              -46.4667928,
              -23.8630423
            ],
            [
              -46.4666909,
              -23.8621543
            ],
            [
              -46.4664844,
              -23.8616123
            ],
            [
              -46.4662967,
              -23.8612541
            ],
            [
              -46.4658809,
              -23.8609033
            ],
            [
              -46.4655753,
              -23.8603021
            ],
            [
              -46.465485,
              -23.8602086
            ],
            [
              -46.4653753,
              -23.8601711
            ],
            [
              -46.4652464,
              -23.8601716
            ],
            [
              -46.4650985,
              -23.8601665
            ],
            [
              -46.4650252,
              -23.860187
            ],
            [
              -46.4649421,
              -23.8602533
            ],
            [
              -46.4647651,
              -23.8605255
            ],
            [
              -46.4645826,
              -23.8606383
            ],
            [
              -46.4643574,
              -23.860707
            ],
            [
              -46.4643051,
              -23.8607782
            ],
            [
              -46.4642796,
              -23.8608518
            ],
            [
              -46.4642018,
              -23.8611339
            ],
            [
              -46.4636922,
              -23.861909
            ],
            [
              -46.4633281,
              -23.8623374
            ],
            [
              -46.4628875,
              -23.8628558
            ],
            [
              -46.4625388,
              -23.8635427
            ],
            [
              -46.4616269,
              -23.864514
            ],
            [
              -46.4610422,
              -23.8648844
            ],
            [
              -46.4604494,
              -23.865218
            ],
            [
              -46.4601865,
              -23.8654584
            ],
            [
              -46.4599204,
              -23.8656799
            ],
            [
              -46.4597077,
              -23.8658569
            ],
            [
              -46.4592853,
              -23.8660152
            ],
            [
              -46.4590705,
              -23.8660379
            ],
            [
              -46.4588359,
              -23.8660677
            ],
            [
              -46.4586261,
              -23.8659877
            ],
            [
              -46.4585701,
              -23.865844
            ],
            [
              -46.4585504,
              -23.8655638
            ],
            [
              -46.4586684,
              -23.8654142
            ],
            [
              -46.4588589,
              -23.8653063
            ],
            [
              -46.4592129,
              -23.8652621
            ],
            [
              -46.459406,
              -23.865218
            ],
            [
              -46.4595938,
              -23.8650144
            ],
            [
              -46.4596903,
              -23.8648329
            ],
            [
              -46.4597225,
              -23.8638395
            ],
            [
              -46.4597069,
              -23.8633278
            ],
            [
              -46.4596528,
              -23.86264
            ],
            [
              -46.4594623,
              -23.8626031
            ],
            [
              -46.4592987,
              -23.8625075
            ],
            [
              -46.4592531,
              -23.8623088
            ],
            [
              -46.4593685,
              -23.8620513
            ],
            [
              -46.4583236,
              -23.8605915
            ],
            [
              -46.4574372,
              -23.8601478
            ],
            [
              -46.4571261,
              -23.8594658
            ],
            [
              -46.4570403,
              -23.8585631
            ],
            [
              -46.4571261,
              -23.8584503
            ],
            [
              -46.4573729,
              -23.8584062
            ],
            [
              -46.4575338,
              -23.8582295
            ],
            [
              -46.4567185,
              -23.8572091
            ],
            [
              -46.4561069,
              -23.8568853
            ],
            [
              -46.4558386,
              -23.8566643
            ],
            [
              -46.4555812,
              -23.8558844
            ],
            [
              -46.4554095,
              -23.8549523
            ],
            [
              -46.4552271,
              -23.8540594
            ],
            [
              -46.4548677,
              -23.8538288
            ],
            [
              -46.4545206,
              -23.8536392
            ],
            [
              -46.4543152,
              -23.8533578
            ],
            [
              -46.4540215,
              -23.8530286
            ],
            [
              -46.453827,
              -23.8525041
            ],
            [
              -46.4536661,
              -23.8522539
            ],
            [
              -46.4534904,
              -23.8521526
            ],
            [
              -46.4533496,
              -23.8522637
            ],
            [
              -46.4533657,
              -23.852509
            ],
            [
              -46.4533844,
              -23.8529677
            ],
            [
              -46.4532852,
              -23.8530389
            ],
            [
              -46.4522231,
              -23.852823
            ],
            [
              -46.4519656,
              -23.8525973
            ],
            [
              -46.4515472,
              -23.8517338
            ],
            [
              -46.4513755,
              -23.851567
            ],
            [
              -46.4510214,
              -23.8514296
            ],
            [
              -46.4499486,
              -23.8513904
            ],
            [
              -46.4490206,
              -23.8515081
            ],
            [
              -46.4483607,
              -23.8516945
            ],
            [
              -46.4479637,
              -23.8516259
            ],
            [
              -46.4465207,
              -23.8508114
            ],
            [
              -46.4461398,
              -23.8506397
            ],
            [
              -46.4456678,
              -23.8505072
            ],
            [
              -46.444509,
              -23.8500755
            ],
            [
              -46.4437028,
              -23.8496811
            ],
            [
              -46.4432538,
              -23.8488391
            ],
            [
              -46.4418269,
              -23.8478529
            ],
            [
              -46.4404536,
              -23.8466508
            ],
            [
              -46.4401102,
              -23.8457382
            ],
            [
              -46.4395738,
              -23.8438443
            ],
            [
              -46.4383829,
              -23.8429758
            ],
            [
              -46.4374012,
              -23.8428776
            ],
            [
              -46.4370203,
              -23.842755
            ],
            [
              -46.4368701,
              -23.842598
            ],
            [
              -46.4368916,
              -23.8423674
            ],
            [
              -46.4372682,
              -23.8421766
            ],
            [
              -46.438002,
              -23.8418178
            ],
            [
              -46.438694,
              -23.8411849
            ],
            [
              -46.4387262,
              -23.8394479
            ],
            [
              -46.439,
              -23.839
            ],
            [
              -46.4400244,
              -23.8392124
            ],
            [
              -46.4408934,
              -23.8398306
            ],
            [
              -46.4414191,
              -23.8404391
            ],
            [
              -46.4422131,
              -23.8408807
            ],
            [
              -46.4438921,
              -23.8416608
            ],
            [
              -46.4441228,
              -23.8416412
            ],
            [
              -46.4442354,
              -23.8415136
            ],
            [
              -46.4442301,
              -23.8412732
            ],
            [
              -46.4440483,
              -23.8408773
            ],
            [
              -46.4430392,
              -23.8400171
            ],
            [
              -46.4421058,
              -23.8394872
            ],
            [
              -46.4416552,
              -23.8367001
            ],
            [
              -46.440711,
              -23.8351201
            ],
            [
              -46.4391875,
              -23.8332457
            ],
            [
              -46.4386136,
              -23.8329415
            ],
            [
              -46.4379001,
              -23.8327451
            ],
            [
              -46.4377096,
              -23.8326642
            ],
            [
              -46.4376748,
              -23.8325047
            ],
            [
              -46.4378142,
              -23.8324262
            ],
            [
              -46.4382112,
              -23.8323722
            ],
            [
              -46.4387798,
              -23.8321956
            ],
            [
              -46.439,
              -23.831
            ],
            [
              -46.4410704,
              -23.8297028
            ],
            [
              -46.4415318,
              -23.8296635
            ],
            [
              -46.4427978,
              -23.8298843
            ],
            [
              -46.4433664,
              -23.8301003
            ],
            [
              -46.4442837,
              -23.8299187
            ],
            [
              -46.4446485,
              -23.8295016
            ],
            [
              -46.4445412,
              -23.8289765
            ],
            [
              -46.4442945,
              -23.8287655
            ],
            [
              -46.4439672,
              -23.8286183
            ],
            [
              -46.4433777,
              -23.8289804
            ],
            [
              -46.443066,
              -23.8289765
            ],
            [
              -46.4428031,
              -23.8289324
            ],
            [
              -46.441344,
              -23.8283975
            ],
            [
              -46.4409149,
              -23.8279951
            ],
            [
              -46.440357,
              -23.8273915
            ],
            [
              -46.4394032,
              -23.8269537
            ],
            [
              -46.438061,
              -23.8256789
            ],
            [
              -46.436913,
              -23.8250409
            ],
            [
              -46.434542,
              -23.8240399
            ],
            [
              -46.434,
              -23.824
            ],
            [
              -46.4336836,
              -23.8240889
            ],
            [
              -46.4331794,
              -23.8246876
            ],
            [
              -46.4332008,
              -23.8250704
            ],
            [
              -46.4333779,
              -23.8253648
            ],
            [
              -46.4333081,
              -23.8256004
            ],
            [
              -46.432187,
              -23.8257819
            ],
            [
              -46.4316452,
              -23.8261794
            ],
            [
              -46.4309692,
              -23.8263953
            ],
            [
              -46.429832,
              -23.8259341
            ],
            [
              -46.4278579,
              -23.8255513
            ],
            [
              -46.4273107,
              -23.8252667
            ],
            [
              -46.427,
              -23.825
            ],
            [
              -46.4264739,
              -23.8247269
            ],
            [
              -46.4254654,
              -23.8245895
            ],
            [
              -46.424489,
              -23.8237749
            ],
            [
              -46.4236415,
              -23.8229602
            ],
            [
              -46.4226437,
              -23.8222928
            ],
            [
              -46.4225686,
              -23.8216794
            ],
            [
              -46.4223808,
              -23.8214635
            ],
            [
              -46.4219034,
              -23.8212427
            ],
            [
              -46.4211416,
              -23.8203691
            ],
            [
              -46.4180303,
              -23.8184454
            ],
            [
              -46.4163941,
              -23.8178319
            ],
            [
              -46.4152354,
              -23.8170614
            ],
            [
              -46.4149136,
              -23.8169977
            ],
            [
              -46.4149403,
              -23.8171694
            ],
            [
              -46.4150691,
              -23.817778
            ],
            [
              -46.4160776,
              -23.8186417
            ],
            [
              -46.4163995,
              -23.8190539
            ],
            [
              -46.4166248,
              -23.8195349
            ],
            [
              -46.4164317,
              -23.8204084
            ],
            [
              -46.4163029,
              -23.8208795
            ],
            [
              -46.4164639,
              -23.8211151
            ],
            [
              -46.4170754,
              -23.8215665
            ],
            [
              -46.4179337,
              -23.821753
            ],
            [
              -46.4186525,
              -23.8221358
            ],
            [
              -46.4190817,
              -23.8227247
            ],
            [
              -46.419307,
              -23.8235
            ],
            [
              -46.4197576,
              -23.8244717
            ],
            [
              -46.4200688,
              -23.825198
            ],
            [
              -46.4202726,
              -23.8257574
            ],
            [
              -46.420176,
              -23.8260224
            ],
            [
              -46.4200151,
              -23.8261402
            ],
            [
              -46.4193928,
              -23.8255317
            ],
            [
              -46.4190388,
              -23.824668
            ],
            [
              -46.4186204,
              -23.8242656
            ],
            [
              -46.4178157,
              -23.8239024
            ],
            [
              -46.4171291,
              -23.8233528
            ],
            [
              -46.4167965,
              -23.8231173
            ],
            [
              -46.4162171,
              -23.8229504
            ],
            [
              -46.4152622,
              -23.8232056
            ],
            [
              -46.4136744,
              -23.8238141
            ],
            [
              -46.4132559,
              -23.8241674
            ],
            [
              -46.4123547,
              -23.82456
            ],
            [
              -46.4120275,
              -23.8245993
            ],
            [
              -46.4118853,
              -23.8245085
            ],
            [
              -46.411947,
              -23.8243073
            ],
            [
              -46.4122045,
              -23.8240104
            ],
            [
              -46.4127088,
              -23.823608
            ],
            [
              -46.4130199,
              -23.8227443
            ],
            [
              -46.4138997,
              -23.8218315
            ],
            [
              -46.4140713,
              -23.8211445
            ],
            [
              -46.4139748,
              -23.8203201
            ],
            [
              -46.4140606,
              -23.8190049
            ],
            [
              -46.41361,
              -23.817778
            ],
            [
              -46.4127517,
              -23.8172185
            ],
            [
              -46.4116359,
              -23.8166198
            ],
            [
              -46.4101207,
              -23.8153178
            ],
            [
              -46.4105281,
              -23.8147723
            ],
            [
              -46.4109331,
              -23.8144849
            ],
            [
              -46.4123279,
              -23.8156726
            ],
            [
              -46.4127731,
              -23.8157315
            ],
            [
              -46.4135403,
              -23.8158051
            ],
            [
              -46.4140821,
              -23.8158052
            ],
            [
              -46.414876,
              -23.8156923
            ],
            [
              -46.4151711,
              -23.8155155
            ],
            [
              -46.4156592,
              -23.8151965
            ],
            [
              -46.4164424,
              -23.8150493
            ],
            [
              -46.4167643,
              -23.8149708
            ],
            [
              -46.4170539,
              -23.8147304
            ],
            [
              -46.4171934,
              -23.8143034
            ],
            [
              -46.4172256,
              -23.8139795
            ],
            [
              -46.4173544,
              -23.8136163
            ],
            [
              -46.4176977,
              -23.8131353
            ],
            [
              -46.4180195,
              -23.8130961
            ],
            [
              -46.4187276,
              -23.8136261
            ],
            [
              -46.4190495,
              -23.8138028
            ],
            [
              -46.4195967,
              -23.8137144
            ],
            [
              -46.4199722,
              -23.8135574
            ],
            [
              -46.4201009,
              -23.8133316
            ],
            [
              -46.4201385,
              -23.8130273
            ],
            [
              -46.4207447,
              -23.8127427
            ],
            [
              -46.4214957,
              -23.8127427
            ],
            [
              -46.423384,
              -23.8131255
            ],
            [
              -46.4237595,
              -23.8121734
            ],
            [
              -46.4245749,
              -23.8123697
            ],
            [
              -46.4249826,
              -23.812674
            ],
            [
              -46.4261413,
              -23.8130077
            ],
            [
              -46.4265382,
              -23.8128507
            ],
            [
              -46.4275575,
              -23.811663
            ],
            [
              -46.4289276,
              -23.8110135
            ],
            [
              -46.4294887,
              -23.8092385
            ],
            [
              -46.4313555,
              -23.8082373
            ],
            [
              -46.4319942,
              -23.8076908
            ],
            [
              -46.4323855,
              -23.8070103
            ],
            [
              -46.4322996,
              -23.8065294
            ],
            [
              -46.4315808,
              -23.8055085
            ],
            [
              -46.4309263,
              -23.8043502
            ],
            [
              -46.4303577,
              -23.803879
            ],
            [
              -46.4298535,
              -23.8036336
            ],
            [
              -46.4297944,
              -23.8034668
            ],
            [
              -46.4300809,
              -23.8028641
            ],
            [
              -46.4301807,
              -23.8018274
            ],
            [
              -46.4304114,
              -23.801366
            ],
            [
              -46.4309478,
              -23.8012434
            ],
            [
              -46.4313877,
              -23.8015329
            ],
            [
              -46.4317739,
              -23.8016311
            ],
            [
              -46.4328814,
              -23.8010633
            ],
            [
              -46.4332069,
              -23.8009401
            ],
            [
              -46.43363,
              -23.8008065
            ],
            [
              -46.4340189,
              -23.8008041
            ],
            [
              -46.4344186,
              -23.8008875
            ],
            [
              -46.4348294,
              -23.8010658
            ],
            [
              -46.43525,
              -23.8012483
            ],
            [
              -46.4356095,
              -23.8013747
            ],
            [
              -46.4358508,
              -23.8013906
            ],
            [
              -46.4360467,
              -23.8012974
            ],
            [
              -46.4362318,
              -23.8010888
            ],
            [
              -46.4363256,
              -23.8004924
            ],
            [
              -46.4364677,
              -23.8003084
            ],
            [
              -46.4367655,
              -23.8003035
            ],
            [
              -46.43709,
              -23.8003623
            ],
            [
              -46.4375141,
              -23.8005162
            ],
            [
              -46.4378008,
              -23.8005365
            ],
            [
              -46.4382675,
              -23.8008458
            ],
            [
              -46.4385869,
              -23.8011802
            ],
            [
              -46.4387074,
              -23.8012311
            ],
            [
              -46.4388013,
              -23.8012311
            ],
            [
              -46.4388925,
              -23.8012016
            ],
            [
              -46.4390132,
              -23.801052
            ],
            [
              -46.4391607,
              -23.8009489
            ],
            [
              -46.4396274,
              -23.8007771
            ],
            [
              -46.4399574,
              -23.8006421
            ],
            [
              -46.4404965,
              -23.8002175
            ],
            [
              -46.441368,
              -23.7999264
            ],
            [
              -46.4424715,
              -23.7993005
            ],
            [
              -46.4463042,
              -23.7973342
            ],
            [
              -46.4480745,
              -23.7959742
            ],
            [
              -46.4529298,
              -23.7921228
            ],
            [
              -46.454238,
              -23.7899301
            ],
            [
              -46.4556492,
              -23.7864464
            ],
            [
              -46.4562154,
              -23.7850938
            ],
            [
              -46.4566004,
              -23.7846576
            ],
            [
              -46.457051,
              -23.7843238
            ],
            [
              -46.4575953,
              -23.7841308
            ],
            [
              -46.4576437,
              -23.7841533
            ],
            [
              -46.4584136,
              -23.7845103
            ],
            [
              -46.4594758,
              -23.7839998
            ],
            [
              -46.4599532,
              -23.7841029
            ],
            [
              -46.4603457,
              -23.7842756
            ],
            [
              -46.4605795,
              -23.7843397
            ],
            [
              -46.4608343,
              -23.7843445
            ],
            [
              -46.4613645,
              -23.7835989
            ],
            [
              -46.4614284,
              -23.7829395
            ],
            [
              -46.4616644,
              -23.7826842
            ],
            [
              -46.4633489,
              -23.7822228
            ],
            [
              -46.4642394,
              -23.7812214
            ],
            [
              -46.4644325,
              -23.7807894
            ],
            [
              -46.4643037,
              -23.7803574
            ],
            [
              -46.4643037,
              -23.7800923
            ],
            [
              -46.464572,
              -23.7794247
            ],
            [
              -46.4645028,
              -23.7789563
            ],
            [
              -46.4645746,
              -23.7789153
            ],
            [
              -46.4648187,
              -23.778897
            ],
            [
              -46.4650674,
              -23.7788498
            ],
            [
              -46.4655416,
              -23.7785923
            ],
            [
              -46.4658407,
              -23.7784282
            ],
            [
              -46.4660748,
              -23.7783606
            ],
            [
              -46.4662628,
              -23.7783134
            ],
            [
              -46.4663637,
              -23.7782919
            ],
            [
              -46.4665555,
              -23.7781876
            ],
            [
              -46.4667392,
              -23.7780894
            ],
            [
              -46.4668362,
              -23.7780546
            ],
            [
              -46.4668947,
              -23.7780084
            ],
            [
              -46.4669714,
              -23.7778077
            ],
            [
              -46.4671063,
              -23.7777219
            ],
            [
              -46.467328,
              -23.7776685
            ],
            [
              -46.4675928,
              -23.7776041
            ],
            [
              -46.4678825,
              -23.7775071
            ],
            [
              -46.4680173,
              -23.7774512
            ],
            [
              -46.468083,
              -23.777404
            ],
            [
              -46.4681534,
              -23.7771812
            ],
            [
              -46.468211,
              -23.7769775
            ],
            [
              -46.4682318,
              -23.7768996
            ],
            [
              -46.4682727,
              -23.77681
            ],
            [
              -46.4683351,
              -23.7767173
            ],
            [
              -46.4684223,
              -23.77664
            ],
            [
              -46.4686824,
              -23.7764921
            ],
            [
              -46.469408,
              -23.7761994
            ],
            [
              -46.4697682,
              -23.7760212
            ],
            [
              -46.4699994,
              -23.7757255
            ],
            [
              -46.4702475,
              -23.775301
            ],
            [
              -46.4707812,
              -23.7746922
            ],
            [
              -46.4709804,
              -23.7743437
            ],
            [
              -46.4718102,
              -23.7737307
            ],
            [
              -46.4725155,
              -23.7734847
            ],
            [
              -46.4735381,
              -23.7729876
            ],
            [
              -46.4741625,
              -23.772691
            ],
            [
              -46.4743754,
              -23.7723064
            ],
            [
              -46.4745243,
              -23.7718879
            ],
            [
              -46.4746181,
              -23.7717792
            ],
            [
              -46.4746785,
              -23.7716991
            ],
            [
              -46.4747985,
              -23.771583
            ],
            [
              -46.4749843,
              -23.7713
            ],
            [
              -46.4753347,
              -23.7702748
            ],
            [
              -46.4755615,
              -23.7695266
            ],
            [
              -46.4756104,
              -23.7689779
            ],
            [
              -46.4767258,
              -23.7667288
            ],
            [
              -46.4770955,
              -23.7660802
            ],
            [
              -46.4776041,
              -23.7656194
            ],
            [
              -46.4782273,
              -23.7652315
            ],
            [
              -46.4785999,
              -23.7651436
            ],
            [
              -46.4791092,
              -23.7649107
            ],
            [
              -46.480161,
              -23.7645495
            ],
            [
              -46.4814532,
              -23.7639932
            ],
            [
              -46.4827932,
              -23.7631281
            ],
            [
              -46.4838581,
              -23.7621901
            ],
            [
              -46.486915,
              -23.7595683
            ],
            [
              -46.4886254,
              -23.7577198
            ],
            [
              -46.4939335,
              -23.7520315
            ],
            [
              -46.494947,
              -23.7507814
            ],
            [
              -46.4957179,
              -23.7491732
            ],
            [
              -46.49634,
              -23.7480278
            ],
            [
              -46.4966711,
              -23.7476898
            ],
            [
              -46.4973955,
              -23.7471569
            ],
            [
              -46.4985894,
              -23.7465482
            ],
            [
              -46.4988451,
              -23.7464261
            ],
            [
              -46.4990652,
              -23.7462454
            ],
            [
              -46.4994075,
              -23.7460807
            ],
            [
              -46.49961,
              -23.7460415
            ],
            [
              -46.4998096,
              -23.746017
            ],
            [
              -46.500201,
              -23.7460258
            ],
            [
              -46.50103,
              -23.7461929
            ],
            [
              -46.5011707,
              -23.7461644
            ],
            [
              -46.5012649,
              -23.7461013
            ],
            [
              -46.5016258,
              -23.7456425
            ],
            [
              -46.50234,
              -23.7451597
            ],
            [
              -46.5037201,
              -23.7448143
            ],
            [
              -46.5042863,
              -23.7447921
            ],
            [
              -46.5050556,
              -23.7445946
            ],
            [
              -46.5055132,
              -23.7443107
            ],
            [
              -46.5060121,
              -23.7438246
            ],
            [
              -46.5064991,
              -23.7434979
            ],
            [
              -46.506832,
              -23.7437048
            ],
            [
              -46.507261,
              -23.7443621
            ],
            [
              -46.5076026,
              -23.7454929
            ],
            [
              -46.5081589,
              -23.7458924
            ],
            [
              -46.5085985,
              -23.7461399
            ],
            [
              -46.5089747,
              -23.746237
            ],
            [
              -46.5093375,
              -23.7465472
            ],
            [
              -46.509657,
              -23.7470671
            ],
            [
              -46.5103817,
              -23.7470016
            ],
            [
              -46.510722,
              -23.7472962
            ],
            [
              -46.5109152,
              -23.7476055
            ],
            [
              -46.5113356,
              -23.7479897
            ],
            [
              -46.5120907,
              -23.7482401
            ],
            [
              -46.5127503,
              -23.7480354
            ],
            [
              -46.5129134,
              -23.7476678
            ],
            [
              -46.5129762,
              -23.7471222
            ],
            [
              -46.5131832,
              -23.7464961
            ],
            [
              -46.5135261,
              -23.7463869
            ],
            [
              -46.5137668,
              -23.7464559
            ],
            [
              -46.5139739,
              -23.7466512
            ],
            [
              -46.5142249,
              -23.747461
            ],
            [
              -46.5146336,
              -23.7477326
            ],
            [
              -46.5148901,
              -23.7476563
            ],
            [
              -46.5151599,
              -23.747484
            ],
            [
              -46.5157372,
              -23.7473806
            ],
            [
              -46.5163245,
              -23.7474054
            ],
            [
              -46.5171834,
              -23.7476727
            ],
            [
              -46.517965,
              -23.7480287
            ],
            [
              -46.5179975,
              -23.7483613
            ],
            [
              -46.5183793,
              -23.7486959
            ],
            [
              -46.5187584,
              -23.7492512
            ],
            [
              -46.5191227,
              -23.7494763
            ],
            [
              -46.5192328,
              -23.7495827
            ],
            [
              -46.520136,
              -23.7494081
            ],
            [
              -46.5207076,
              -23.7494426
            ],
            [
              -46.5211621,
              -23.7495128
            ],
            [
              -46.5217559,
              -23.7498835
            ],
            [
              -46.5221109,
              -23.7503207
            ],
            [
              -46.5224433,
              -23.7503307
            ],
            [
              -46.5228119,
              -23.7501743
            ],
            [
              -46.5232442,
              -23.7500869
            ],
            [
              -46.5239427,
              -23.7495858
            ],
            [
              -46.5249416,
              -23.7493498
            ],
            [
              -46.5255234,
              -23.7494335
            ],
            [
              -46.5261555,
              -23.7492013
            ],
            [
              -46.5267295,
              -23.7491252
            ],
            [
              -46.5279795,
              -23.7486198
            ],
            [
              -46.5277362,
              -23.7484395
            ],
            [
              -46.5276545,
              -23.7472426
            ],
            [
              -46.527649,
              -23.7471621
            ],
            [
              -46.5272231,
              -23.7467722
            ],
            [
              -46.5267261,
              -23.7461224
            ],
            [
              -46.5263645,
              -23.7458184
            ],
            [
              -46.5256398,
              -23.7456945
            ],
            [
              -46.5250093,
              -23.7456403
            ],
            [
              -46.5247152,
              -23.7461488
            ],
            [
              -46.5242814,
              -23.7462186
            ],
            [
              -46.5232077,
              -23.7462122
            ],
            [
              -46.5222486,
              -23.7462505
            ],
            [
              -46.5218123,
              -23.7460453
            ],
            [
              -46.5214178,
              -23.7458978
            ],
            [
              -46.5211371,
              -23.7460638
            ],
            [
              -46.520673,
              -23.7458151
            ],
            [
              -46.5202695,
              -23.7454508
            ],
            [
              -46.5199026,
              -23.7451303
            ],
            [
              -46.5194022,
              -23.7445958
            ],
            [
              -46.519423,
              -23.7441584
            ],
            [
              -46.5192112,
              -23.7433459
            ],
            [
              -46.5187182,
              -23.7432823
            ],
            [
              -46.5179238,
              -23.7428979
            ],
            [
              -46.5176792,
              -23.7424324
            ],
            [
              -46.5174162,
              -23.7419752
            ],
            [
              -46.5176153,
              -23.741669
            ],
            [
              -46.517669,
              -23.7414382
            ],
            [
              -46.5179749,
              -23.7409567
            ],
            [
              -46.5177818,
              -23.7404884
            ],
            [
              -46.5180438,
              -23.739813
            ],
            [
              -46.5177737,
              -23.7393722
            ],
            [
              -46.5178142,
              -23.7378746
            ],
            [
              -46.5176445,
              -23.7374861
            ],
            [
              -46.5181223,
              -23.7373505
            ],
            [
              -46.5186094,
              -23.7370022
            ],
            [
              -46.5188385,
              -23.7365097
            ],
            [
              -46.5197216,
              -23.7358748
            ],
            [
              -46.5205807,
              -23.7354443
            ],
            [
              -46.5203779,
              -23.7351168
            ],
            [
              -46.5204102,
              -23.7347701
            ],
            [
              -46.5195951,
              -23.7332025
            ],
            [
              -46.5193547,
              -23.7329937
            ],
            [
              -46.5190905,
              -23.7323388
            ],
            [
              -46.5186639,
              -23.7317968
            ],
            [
              -46.5180416,
              -23.731451
            ],
            [
              -46.5179265,
              -23.7312265
            ],
            [
              -46.5178741,
              -23.731037
            ],
            [
              -46.5175684,
              -23.7304578
            ],
            [
              -46.5172975,
              -23.7296933
            ],
            [
              -46.5172794,
              -23.7291694
            ],
            [
              -46.5169822,
              -23.7289403
            ],
            [
              -46.5168536,
              -23.7270069
            ],
            [
              -46.5168571,
              -23.726779
            ],
            [
              -46.5173257,
              -23.7260723
            ],
            [
              -46.5174386,
              -23.725698
            ],
            [
              -46.5175326,
              -23.7245439
            ],
            [
              -46.517783,
              -23.7242002
            ],
            [
              -46.518317,
              -23.7240097
            ],
            [
              -46.5178194,
              -23.722992
            ],
            [
              -46.5177218,
              -23.722794
            ],
            [
              -46.5175946,
              -23.7220248
            ],
            [
              -46.5173979,
              -23.7213768
            ],
            [
              -46.5174887,
              -23.7203551
            ],
            [
              -46.5175993,
              -23.7194896
            ],
            [
              -46.5177154,
              -23.7192866
            ],
            [
              -46.5186665,
              -23.7180035
            ],
            [
              -46.5191066,
              -23.7175659
            ],
            [
              -46.519247,
              -23.7173907
            ],
            [
              -46.5194274,
              -23.717241
            ],
            [
              -46.5202287,
              -23.7166987
            ],
            [
              -46.5203985,
              -23.7163173
            ],
            [
              -46.5205878,
              -23.7157803
            ],
            [
              -46.5218803,
              -23.7146993
            ],
            [
              -46.52084,
              -23.7125172
            ],
            [
              -46.5203016,
              -23.7114425
            ],
            [
              -46.5188867,
              -23.7103563
            ],
            [
              -46.5179959,
              -23.7099966
            ],
            [
              -46.517798,
              -23.7099058
            ],
            [
              -46.5176261,
              -23.7096294
            ],
            [
              -46.5174721,
              -23.7095148
            ],
            [
              -46.5175772,
              -23.7090428
            ],
            [
              -46.5177862,
              -23.7084483
            ],
            [
              -46.5178979,
              -23.7078701
            ],
            [
              -46.5180713,
              -23.7075665
            ],
            [
              -46.5180713,
              -23.7073307
            ],
            [
              -46.5179508,
              -23.7071623
            ],
            [
              -46.5173514,
              -23.7069082
            ],
            [
              -46.5169179,
              -23.7064957
            ],
            [
              -46.5167785,
              -23.7062256
            ],
            [
              -46.5165541,
              -23.7059745
            ],
            [
              -46.5164995,
              -23.7058339
            ],
            [
              -46.5164933,
              -23.7056744
            ],
            [
              -46.5165942,
              -23.7055491
            ],
            [
              -46.5169366,
              -23.7052314
            ],
            [
              -46.5173296,
              -23.7048815
            ],
            [
              -46.5176153,
              -23.7046808
            ],
            [
              -46.5179372,
              -23.7044849
            ],
            [
              -46.5184462,
              -23.7042531
            ],
            [
              -46.5185339,
              -23.7042097
            ],
            [
              -46.5186315,
              -23.7041315
            ],
            [
              -46.5187227,
              -23.7040279
            ],
            [
              -46.5187767,
              -23.7039128
            ],
            [
              -46.5189396,
              -23.7033979
            ],
            [
              -46.5189591,
              -23.7033252
            ],
            [
              -46.5189964,
              -23.7032387
            ],
            [
              -46.5191133,
              -23.7031066
            ],
            [
              -46.5193008,
              -23.7029439
            ],
            [
              -46.5195798,
              -23.7026307
            ],
            [
              -46.5199649,
              -23.7018983
            ],
            [
              -46.5200454,
              -23.7016772
            ],
            [
              -46.5201031,
              -23.7011824
            ],
            [
              -46.5201192,
              -23.7011243
            ],
            [
              -46.5201503,
              -23.701085
            ],
            [
              -46.5201916,
              -23.701054
            ],
            [
              -46.520262,
              -23.7010165
            ],
            [
              -46.5203929,
              -23.7009964
            ],
            [
              -46.5205382,
              -23.7010088
            ],
            [
              -46.52061,
              -23.7010559
            ],
            [
              -46.5206777,
              -23.7011233
            ],
            [
              -46.5209385,
              -23.7014562
            ],
            [
              -46.5212348,
              -23.7018006
            ],
            [
              -46.5213007,
              -23.7018897
            ],
            [
              -46.5213597,
              -23.7020972
            ],
            [
              -46.5213924,
              -23.7021629
            ],
            [
              -46.5214777,
              -23.7022286
            ],
            [
              -46.5216722,
              -23.7023035
            ],
            [
              -46.5221515,
              -23.7024644
            ],
            [
              -46.5224111,
              -23.7024742
            ],
            [
              -46.5226284,
              -23.7024459
            ],
            [
              -46.522918,
              -23.7023673
            ],
            [
              -46.5230736,
              -23.7022298
            ],
            [
              -46.5232252,
              -23.702015
            ],
            [
              -46.5234654,
              -23.7017087
            ],
            [
              -46.5235819,
              -23.7014488
            ],
            [
              -46.5236493,
              -23.7013538
            ],
            [
              -46.5237006,
              -23.7013193
            ],
            [
              -46.5237549,
              -23.7013223
            ],
            [
              -46.5238293,
              -23.7013635
            ],
            [
              -46.5238756,
              -23.7014181
            ],
            [
              -46.5239587,
              -23.7016085
            ],
            [
              -46.5241689,
              -23.7019123
            ],
            [
              -46.5244247,
              -23.7020867
            ],
            [
              -46.5245247,
              -23.702134
            ],
            [
              -46.5246526,
              -23.7021385
            ],
            [
              -46.5248211,
              -23.7020996
            ],
            [
              -46.5249699,
              -23.7020112
            ],
            [
              -46.5251876,
              -23.7017895
            ],
            [
              -46.5253575,
              -23.7017607
            ],
            [
              -46.5256878,
              -23.7017546
            ],
            [
              -46.5259082,
              -23.7018002
            ],
            [
              -46.5261799,
              -23.7019384
            ],
            [
              -46.5266555,
              -23.7023317
            ],
            [
              -46.5282128,
              -23.7033083
            ],
            [
              -46.5287939,
              -23.7034997
            ],
            [
              -46.5289396,
              -23.7034725
            ],
            [
              -46.5290563,
              -23.7033939
            ],
            [
              -46.529261,
              -23.703182
            ],
            [
              -46.5294517,
              -23.7027014
            ],
            [
              -46.5296239,
              -23.7022917
            ],
            [
              -46.5298124,
              -23.7019222
            ],
            [
              -46.5299082,
              -23.7017929
            ],
            [
              -46.5299792,
              -23.7017105
            ],
            [
              -46.5300587,
              -23.7016394
            ],
            [
              -46.5302271,
              -23.7015512
            ],
            [
              -46.5317418,
              -23.7010967
            ],
            [
              -46.5320621,
              -23.7009922
            ],
            [
              -46.5321558,
              -23.7009574
            ],
            [
              -46.5325024,
              -23.7007965
            ],
            [
              -46.5328687,
              -23.7006063
            ],
            [
              -46.5330192,
              -23.7004922
            ],
            [
              -46.5330868,
              -23.7004264
            ],
            [
              -46.5332324,
              -23.7002641
            ],
            [
              -46.5333183,
              -23.7001464
            ],
            [
              -46.5336821,
              -23.6995066
            ],
            [
              -46.5339283,
              -23.6988967
            ],
            [
              -46.5341762,
              -23.6984469
            ],
            [
              -46.5341869,
              -23.6982454
            ],
            [
              -46.5343083,
              -23.6978163
            ],
            [
              -46.5344218,
              -23.6976122
            ],
            [
              -46.5347098,
              -23.6973928
            ],
            [
              -46.5349831,
              -23.6972202
            ],
            [
              -46.5352763,
              -23.6970897
            ],
            [
              -46.5355563,
              -23.6969663
            ],
            [
              -46.5358436,
              -23.6967898
            ],
            [
              -46.5359268,
              -23.6967726
            ],
            [
              -46.536091,
              -23.6968192
            ],
            [
              -46.5361451,
              -23.6968491
            ],
            [
              -46.5362191,
              -23.696869
            ],
            [
              -46.5362741,
              -23.6968591
            ],
            [
              -46.5363465,
              -23.6968383
            ],
            [
              -46.5365075,
              -23.6966989
            ],
            [
              -46.5366147,
              -23.696581
            ],
            [
              -46.5366657,
              -23.6965491
            ],
            [
              -46.5367194,
              -23.6965466
            ],
            [
              -46.5367998,
              -23.6965687
            ],
            [
              -46.5368575,
              -23.6965405
            ],
            [
              -46.5370211,
              -23.6963084
            ],
            [
              -46.5370305,
              -23.6962703
            ],
            [
              -46.5370251,
              -23.6962335
            ],
            [
              -46.5370036,
              -23.6961647
            ],
            [
              -46.5369769,
              -23.6960665
            ],
            [
              -46.5370077,
              -23.6959498
            ],
            [
              -46.5370466,
              -23.695811
            ],
            [
              -46.5370345,
              -23.6956458
            ],
            [
              -46.5369447,
              -23.6954548
            ],
            [
              -46.536938,
              -23.6953701
            ],
            [
              -46.5370297,
              -23.6951004
            ],
            [
              -46.537039,
              -23.695073
            ],
            [
              -46.5368897,
              -23.6947217
            ],
            [
              -46.5368629,
              -23.6945522
            ],
            [
              -46.5368932,
              -23.694281
            ],
            [
              -46.5369595,
              -23.6939726
            ],
            [
              -46.5370292,
              -23.6936115
            ],
            [
              -46.5370766,
              -23.6930759
            ],
            [
              -46.5370882,
              -23.6929533
            ],
            [
              -46.5372025,
              -23.6924868
            ],
            [
              -46.537217,
              -23.6924277
            ],
            [
              -46.5373953,
              -23.6918868
            ],
            [
              -46.5374016,
              -23.6918398
            ],
            [
              -46.5374177,
              -23.6916604
            ],
            [
              -46.5374474,
              -23.6913312
            ],
            [
              -46.5374619,
              -23.6911652
            ],
            [
              -46.5375335,
              -23.6909491
            ],
            [
              -46.5378077,
              -23.690265
            ],
            [
              -46.5378772,
              -23.6901605
            ],
            [
              -46.5380208,
              -23.6899344
            ],
            [
              -46.5380833,
              -23.6898168
            ],
            [
              -46.5381745,
              -23.6896891
            ],
            [
              -46.5383811,
              -23.6894508
            ],
            [
              -46.5389171,
              -23.6890711
            ],
            [
              -46.5390033,
              -23.6889841
            ],
            [
              -46.5392501,
              -23.6887975
            ],
            [
              -46.539304,
              -23.6887549
            ],
            [
              -46.539329,
              -23.6887356
            ],
            [
              -46.5393469,
              -23.6886863
            ],
            [
              -46.5393429,
              -23.6886497
            ],
            [
              -46.5393027,
              -23.6886083
            ],
            [
              -46.5392904,
              -23.6885924
            ],
            [
              -46.539207,
              -23.688513
            ],
            [
              -46.5392206,
              -23.6884253
            ],
            [
              -46.5392454,
              -23.6882613
            ],
            [
              -46.5392711,
              -23.6881555
            ],
            [
              -46.5393757,
              -23.6877947
            ],
            [
              -46.5394084,
              -23.6876835
            ],
            [
              -46.5394435,
              -23.6875986
            ],
            [
              -46.5394676,
              -23.6875603
            ],
            [
              -46.539552,
              -23.6874549
            ],
            [
              -46.5395773,
              -23.6874269
            ],
            [
              -46.540044,
              -23.6870535
            ],
            [
              -46.5403487,
              -23.6867997
            ],
            [
              -46.5406414,
              -23.68651
            ],
            [
              -46.5407427,
              -23.686399
            ],
            [
              -46.5409693,
              -23.6861816
            ],
            [
              -46.5410565,
              -23.6860981
            ],
            [
              -46.5415273,
              -23.6857432
            ],
            [
              -46.5416706,
              -23.6856465
            ],
            [
              -46.5417902,
              -23.6855657
            ],
            [
              -46.5419564,
              -23.6854533
            ],
            [
              -46.5421455,
              -23.6853254
            ],
            [
              -46.5422488,
              -23.6852457
            ],
            [
              -46.5424755,
              -23.6850642
            ],
            [
              -46.5425837,
              -23.6849947
            ],
            [
              -46.542742,
              -23.6848873
            ],
            [
              -46.5428934,
              -23.6847968
            ],
            [
              -46.5431867,
              -23.6846347
            ],
            [
              -46.5436071,
              -23.6844024
            ],
            [
              -46.5436811,
              -23.6843615
            ],
            [
              -46.5447249,
              -23.683835
            ],
            [
              -46.5448291,
              -23.6838161
            ],
            [
              -46.5451435,
              -23.683816
            ],
            [
              -46.5452688,
              -23.6838359
            ],
            [
              -46.5457331,
              -23.6839622
            ],
            [
              -46.5459469,
              -23.6839967
            ],
            [
              -46.5462797,
              -23.6840848
            ],
            [
              -46.5465563,
              -23.6841522
            ],
            [
              -46.5467032,
              -23.6841788
            ],
            [
              -46.5469715,
              -23.6842616
            ],
            [
              -46.5472213,
              -23.6843304
            ],
            [
              -46.5474167,
              -23.6843715
            ],
            [
              -46.5476388,
              -23.6844124
            ],
            [
              -46.5477542,
              -23.6844321
            ],
            [
              -46.5478697,
              -23.6844432
            ],
            [
              -46.5481613,
              -23.6844684
            ],
            [
              -46.5484377,
              -23.6844906
            ],
            [
              -46.5489646,
              -23.6845394
            ],
            [
              -46.5490886,
              -23.6845539
            ],
            [
              -46.5492164,
              -23.6845743
            ],
            [
              -46.5493138,
              -23.6846046
            ],
            [
              -46.5495447,
              -23.6846816
            ],
            [
              -46.549668,
              -23.6847159
            ],
            [
              -46.5498431,
              -23.6847469
            ],
            [
              -46.5500272,
              -23.6847594
            ],
            [
              -46.5502129,
              -23.6847402
            ],
            [
              -46.5503464,
              -23.6847102
            ],
            [
              -46.5506676,
              -23.6846351
            ],
            [
              -46.5508863,
              -23.6845373
            ],
            [
              -46.5509896,
              -23.6845304
            ],
            [
              -46.5511335,
              -23.6845431
            ],
            [
              -46.5514822,
              -23.6844323
            ],
            [
              -46.551937,
              -23.6842545
            ],
            [
              -46.5523316,
              -23.6841023
            ],
            [
              -46.5526538,
              -23.6839856
            ],
            [
              -46.5531088,
              -23.6837884
            ],
            [
              -46.5532879,
              -23.6837009
            ],
            [
              -46.5534191,
              -23.6835943
            ],
            [
              -46.5535531,
              -23.6834854
            ],
            [
              -46.5537404,
              -23.6832684
            ],
            [
              -46.5538271,
              -23.6831553
            ],
            [
              -46.5538837,
              -23.68307
            ],
            [
              -46.5539467,
              -23.6829677
            ],
            [
              -46.5539862,
              -23.6828897
            ],
            [
              -46.5540201,
              -23.6827952
            ],
            [
              -46.554046,
              -23.6827269
            ],
            [
              -46.5541164,
              -23.6825194
            ],
            [
              -46.5542276,
              -23.6821514
            ],
            [
              -46.5543724,
              -23.6817467
            ],
            [
              -46.554503,
              -23.6813617
            ],
            [
              -46.5545763,
              -23.6810841
            ],
            [
              -46.5546303,
              -23.6808856
            ],
            [
              -46.5546601,
              -23.6807278
            ],
            [
              -46.5546983,
              -23.6804804
            ],
            [
              -46.5547331,
              -23.6799978
            ],
            [
              -46.5547475,
              -23.6796315
            ],
            [
              -46.5547372,
              -23.6794756
            ],
            [
              -46.554707,
              -23.6793784
            ],
            [
              -46.5546578,
              -23.6792708
            ],
            [
              -46.5545974,
              -23.6791686
            ],
            [
              -46.5545067,
              -23.6790664
            ],
            [
              -46.5542187,
              -23.6788211
            ],
            [
              -46.5540411,
              -23.6786733
            ],
            [
              -46.5539317,
              -23.6785671
            ],
            [
              -46.5538164,
              -23.6784512
            ],
            [
              -46.5537345,
              -23.678351
            ],
            [
              -46.5536293,
              -23.6781961
            ],
            [
              -46.5535514,
              -23.6779981
            ],
            [
              -46.5534697,
              -23.6777024
            ],
            [
              -46.5533567,
              -23.677145
            ],
            [
              -46.5532779,
              -23.6767033
            ],
            [
              -46.5532407,
              -23.676338
            ],
            [
              -46.5532199,
              -23.6759285
            ],
            [
              -46.5532333,
              -23.675585
            ],
            [
              -46.5532499,
              -23.6751252
            ],
            [
              -46.5532538,
              -23.6750815
            ],
            [
              -46.5532647,
              -23.6749577
            ],
            [
              -46.5533184,
              -23.6746512
            ],
            [
              -46.5533722,
              -23.6743795
            ],
            [
              -46.5535219,
              -23.6739584
            ],
            [
              -46.5536982,
              -23.6735235
            ],
            [
              -46.5538257,
              -23.6732174
            ],
            [
              -46.5539236,
              -23.6729636
            ],
            [
              -46.5539836,
              -23.6727445
            ],
            [
              -46.554025,
              -23.6724774
            ],
            [
              -46.5540532,
              -23.6720852
            ],
            [
              -46.5540518,
              -23.671609
            ],
            [
              -46.5540422,
              -23.671427
            ],
            [
              -46.553976,
              -23.671142
            ],
            [
              -46.5538253,
              -23.6707593
            ],
            [
              -46.5535725,
              -23.6702449
            ],
            [
              -46.553321,
              -23.6696975
            ],
            [
              -46.553256,
              -23.6694894
            ],
            [
              -46.553208,
              -23.6692665
            ],
            [
              -46.5531924,
              -23.6690981
            ],
            [
              -46.5531236,
              -23.6683772
            ],
            [
              -46.5531226,
              -23.667868
            ],
            [
              -46.5531432,
              -23.6676485
            ],
            [
              -46.5531734,
              -23.6674929
            ],
            [
              -46.5532345,
              -23.6673062
            ],
            [
              -46.5532749,
              -23.6672025
            ],
            [
              -46.5534332,
              -23.6667968
            ],
            [
              -46.5534447,
              -23.6667775
            ],
            [
              -46.5538066,
              -23.666171
            ],
            [
              -46.5542116,
              -23.6656129
            ],
            [
              -46.5550834,
              -23.6644117
            ],
            [
              -46.5559547,
              -23.6632109
            ],
            [
              -46.5564681,
              -23.6625035
            ],
            [
              -46.5566185,
              -23.6622937
            ],
            [
              -46.5576565,
              -23.660894
            ],
            [
              -46.5578282,
              -23.6606568
            ],
            [
              -46.5584536,
              -23.6597852
            ],
            [
              -46.5588055,
              -23.6592953
            ],
            [
              -46.5593084,
              -23.658606
            ],
            [
              -46.5597386,
              -23.657987
            ],
            [
              -46.5601138,
              -23.6573567
            ],
            [
              -46.5606677,
              -23.6563988
            ],
            [
              -46.5609597,
              -23.6558661
            ],
            [
              -46.561211,
              -23.6553983
            ],
            [
              -46.5615044,
              -23.6550403
            ],
            [
              -46.5618432,
              -23.6547073
            ],
            [
              -46.5622695,
              -23.6543324
            ],
            [
              -46.5627251,
              -23.6540091
            ],
            [
              -46.562922,
              -23.6538072
            ],
            [
              -46.5630128,
              -23.6536852
            ],
            [
              -46.5631975,
              -23.6533745
            ],
            [
              -46.5634913,
              -23.652536
            ],
            [
              -46.5635748,
              -23.6523662
            ],
            [
              -46.5638389,
              -23.6520777
            ],
            [
              -46.5643537,
              -23.6515086
            ],
            [
              -46.5643653,
              -23.6514962
            ],
            [
              -46.5645426,
              -23.6513066
            ],
            [
              -46.5645809,
              -23.6512742
            ],
            [
              -46.5649411,
              -23.6509693
            ],
            [
              -46.5649681,
              -23.6509509
            ],
            [
              -46.5651932,
              -23.6507982
            ],
            [
              -46.5654716,
              -23.650662
            ],
            [
              -46.5654854,
              -23.6506581
            ],
            [
              -46.5662182,
              -23.6504512
            ],
            [
              -46.5673015,
              -23.6501825
            ],
            [
              -46.5673915,
              -23.6501594
            ],
            [
              -46.5676904,
              -23.6500818
            ],
            [
              -46.5684683,
              -23.6498798
            ],
            [
              -46.5695584,
              -23.6495913
            ],
            [
              -46.5704959,
              -23.6493328
            ],
            [
              -46.5707181,
              -23.6492984
            ],
            [
              -46.5709011,
              -23.6492841
            ],
            [
              -46.5710416,
              -23.6492852
            ],
            [
              -46.5711245,
              -23.6492965
            ],
            [
              -46.5712831,
              -23.6493234
            ],
            [
              -46.571412,
              -23.6493706
            ],
            [
              -46.5715417,
              -23.6494304
            ],
            [
              -46.5716654,
              -23.6495115
            ],
            [
              -46.5718343,
              -23.6496512
            ],
            [
              -46.5721129,
              -23.6498976
            ],
            [
              -46.572727,
              -23.6504678
            ],
            [
              -46.5728929,
              -23.65054
            ],
            [
              -46.5730334,
              -23.6505755
            ],
            [
              -46.5733011,
              -23.6505777
            ],
            [
              -46.5735022,
              -23.6505644
            ],
            [
              -46.5737723,
              -23.6505
            ],
            [
              -46.5739891,
              -23.650409
            ],
            [
              -46.5742425,
              -23.650286
            ],
            [
              -46.5744887,
              -23.6501087
            ],
            [
              -46.5747329,
              -23.6498574
            ],
            [
              -46.575039,
              -23.6494236
            ],
            [
              -46.5762642,
              -23.6478773
            ],
            [
              -46.5769526,
              -23.6471977
            ],
            [
              -46.5799775,
              -23.6440071
            ],
            [
              -46.5804476,
              -23.6435541
            ],
            [
              -46.5808118,
              -23.643221
            ],
            [
              -46.5812445,
              -23.6428617
            ],
            [
              -46.5827086,
              -23.6418803
            ],
            [
              -46.5828708,
              -23.6417571
            ],
            [
              -46.5830491,
              -23.6415855
            ],
            [
              -46.583312,
              -23.6412723
            ],
            [
              -46.5833999,
              -23.6411371
            ],
            [
              -46.5834253,
              -23.6412734
            ],
            [
              -46.5834582,
              -23.6414111
            ],
            [
              -46.5835198,
              -23.6415478
            ],
            [
              -46.5839248,
              -23.6423556
            ],
            [
              -46.5842934,
              -23.6433949
            ],
            [
              -46.5844614,
              -23.6439826
            ],
            [
              -46.5845874,
              -23.6442677
            ],
            [
              -46.5846853,
              -23.644417
            ],
            [
              -46.5849877,
              -23.6447597
            ],
            [
              -46.5849896,
              -23.6448034
            ],
            [
              -46.5849499,
              -23.6448671
            ],
            [
              -46.5846295,
              -23.6451928
            ],
            [
              -46.5866409,
              -23.6465449
            ],
            [
              -46.5877149,
              -23.6472764
            ],
            [
              -46.588589,
              -23.6479456
            ],
            [
              -46.5895609,
              -23.6485909
            ],
            [
              -46.5899131,
              -23.6489434
            ],
            [
              -46.5904235,
              -23.6491516
            ],
            [
              -46.5908458,
              -23.6494871
            ],
            [
              -46.5914074,
              -23.6497256
            ],
            [
              -46.5918738,
              -23.6499948
            ],
            [
              -46.5924133,
              -23.6502483
            ],
            [
              -46.5926817,
              -23.6504181
            ],
            [
              -46.592773,
              -23.6505777
            ],
            [
              -46.5929777,
              -23.6507171
            ],
            [
              -46.5935365,
              -23.6507982
            ],
            [
              -46.594289,
              -23.6511428
            ],
            [
              -46.5946288,
              -23.6514031
            ],
            [
              -46.5950104,
              -23.6516156
            ],
            [
              -46.5953404,
              -23.6516937
            ],
            [
              -46.5956242,
              -23.651888
            ],
            [
              -46.5957565,
              -23.6520749
            ],
            [
              -46.5958936,
              -23.6523102
            ],
            [
              -46.5963637,
              -23.6526953
            ],
            [
              -46.5965464,
              -23.6528224
            ],
            [
              -46.5966824,
              -23.6528627
            ],
            [
              -46.5972476,
              -23.6528964
            ],
            [
              -46.5980197,
              -23.6530469
            ],
            [
              -46.5984588,
              -23.6530793
            ],
            [
              -46.5988922,
              -23.6530448
            ],
            [
              -46.5989762,
              -23.6530284
            ],
            [
              -46.5990044,
              -23.6530014
            ],
            [
              -46.5990233,
              -23.6529461
            ],
            [
              -46.5990595,
              -23.6529336
            ],
            [
              -46.5991355,
              -23.6529482
            ],
            [
              -46.5992212,
              -23.6529779
            ],
            [
              -46.599537,
              -23.6531686
            ],
            [
              -46.5997792,
              -23.653445
            ],
            [
              -46.6002113,
              -23.6536383
            ],
            [
              -46.6003897,
              -23.6536552
            ],
            [
              -46.6005845,
              -23.653699
            ],
            [
              -46.6007427,
              -23.6536937
            ],
            [
              -46.6010107,
              -23.6537992
            ],
            [
              -46.6011411,
              -23.6538657
            ],
            [
              -46.6013022,
              -23.6540814
            ],
            [
              -46.6014474,
              -23.6541949
            ],
            [
              -46.601805,
              -23.6543019
            ],
            [
              -46.6019966,
              -23.6543414
            ],
            [
              -46.6023666,
              -23.6550421
            ],
            [
              -46.6025103,
              -23.6551204
            ],
            [
              -46.602559,
              -23.6552319
            ],
            [
              -46.6026602,
              -23.6553472
            ],
            [
              -46.6029161,
              -23.6554232
            ],
            [
              -46.6032688,
              -23.6554929
            ],
            [
              -46.6034244,
              -23.6556703
            ],
            [
              -46.6036492,
              -23.6559617
            ],
            [
              -46.6040227,
              -23.6561169
            ],
            [
              -46.604448,
              -23.6561803
            ],
            [
              -46.6049045,
              -23.6561961
            ],
            [
              -46.60524,
              -23.6560947
            ],
            [
              -46.6056733,
              -23.6561483
            ],
            [
              -46.605674,
              -23.6561485
            ],
            [
              -46.6059835,
              -23.6562214
            ],
            [
              -46.6065506,
              -23.6564558
            ],
            [
              -46.6070693,
              -23.6567029
            ],
            [
              -46.6073502,
              -23.6568329
            ],
            [
              -46.6077306,
              -23.6569786
            ],
            [
              -46.6079346,
              -23.6569881
            ],
            [
              -46.6084326,
              -23.657365
            ],
            [
              -46.6085225,
              -23.6575266
            ],
            [
              -46.608813,
              -23.6578116
            ],
            [
              -46.6090516,
              -23.6579193
            ],
            [
              -46.6094666,
              -23.6580745
            ],
            [
              -46.6096983,
              -23.6581949
            ],
            [
              -46.6097778,
              -23.6582773
            ],
            [
              -46.6100441,
              -23.6584578
            ],
            [
              -46.6107501,
              -23.65869
            ],
            [
              -46.6115768,
              -23.6588682
            ],
            [
              -46.6117768,
              -23.6589127
            ],
            [
              -46.6119281,
              -23.6590216
            ],
            [
              -46.6120018,
              -23.6591105
            ],
            [
              -46.6123165,
              -23.6592847
            ],
            [
              -46.6125067,
              -23.6593576
            ],
            [
              -46.6133288,
              -23.6598229
            ],
            [
              -46.6139734,
              -23.6600662
            ],
            [
              -46.6141433,
              -23.660229
            ],
            [
              -46.6146072,
              -23.6601471
            ],
            [
              -46.6150085,
              -23.6597419
            ],
            [
              -46.6152643,
              -23.6587689
            ],
            [
              -46.6158171,
              -23.6584891
            ],
            [
              -46.6165362,
              -23.6580298
            ]
          ]
        ]
      },
      "id": "relation/297968"
    },
    {
      "type": "Feature",
      "properties": {
        "@id": "relation/298086",
        "IBGE:GEOCODIGO": "3547809",
        "admin_level": "8",
        "boundary": "administrative",
        "int_name": "Santo Andre",
        "name": "Santo André",
        "official_name": "Município de Santo André",
        "place": "municipality",
        "population": "748919",
        "population:date": "2023-08-31",
        "source": "IBGE",
        "source:population": "IBGE, DOU de 31/08/2023",
        "type": "boundary",
        "wikidata": "Q191652",
        "wikipedia": "pt:Santo André (São Paulo)"
      },
      "geometry": {
        "type": "Polygon",
        "coordinates": [
          [
            [
              -46.5336656,
              -23.6143243
            ],
            [
              -46.5339592,
              -23.6143577
            ],
            [
              -46.5343551,
              -23.6143481
            ],
            [
              -46.5345378,
              -23.6143254
            ],
            [
              -46.5347029,
              -23.6142666
            ],
            [
              -46.5348984,
              -23.6141883
            ],
            [
              -46.5350883,
              -23.6140656
            ],
            [
              -46.5352389,
              -23.6139492
            ],
            [
              -46.5354709,
              -23.6137788
            ],
            [
              -46.5357521,
              -23.6136442
            ],
            [
              -46.5360522,
              -23.6134987
            ],
            [
              -46.5363595,
              -23.6133293
            ],
            [
              -46.5366007,
              -23.6131931
            ],
            [
              -46.5372307,
              -23.6127502
            ],
            [
              -46.5376073,
              -23.6125556
            ],
            [
              -46.5376965,
              -23.6125078
            ],
            [
              -46.5377906,
              -23.6124574
            ],
            [
              -46.5382841,
              -23.6121821
            ],
            [
              -46.5385872,
              -23.6120125
            ],
            [
              -46.5389383,
              -23.6117808
            ],
            [
              -46.5398809,
              -23.6110501
            ],
            [
              -46.5408996,
              -23.6103899
            ],
            [
              -46.5420716,
              -23.6096753
            ],
            [
              -46.5447044,
              -23.6080409
            ],
            [
              -46.5449269,
              -23.6078738
            ],
            [
              -46.5451161,
              -23.607613
            ],
            [
              -46.5453457,
              -23.607221
            ],
            [
              -46.5455597,
              -23.6068557
            ],
            [
              -46.5458912,
              -23.6063851
            ],
            [
              -46.5462181,
              -23.6059743
            ],
            [
              -46.5464203,
              -23.6057886
            ],
            [
              -46.5465963,
              -23.6056919
            ],
            [
              -46.5467831,
              -23.6056577
            ],
            [
              -46.5469885,
              -23.6056833
            ],
            [
              -46.5472184,
              -23.6057677
            ],
            [
              -46.5476589,
              -23.6059463
            ],
            [
              -46.5479827,
              -23.6060776
            ],
            [
              -46.5480601,
              -23.6061095
            ],
            [
              -46.5478788,
              -23.6063232
            ],
            [
              -46.5477382,
              -23.6065241
            ],
            [
              -46.5447131,
              -23.6108465
            ],
            [
              -46.5449384,
              -23.6108684
            ],
            [
              -46.5450697,
              -23.6108841
            ],
            [
              -46.5458654,
              -23.6109821
            ],
            [
              -46.5459632,
              -23.6109976
            ],
            [
              -46.5460365,
              -23.6110261
            ],
            [
              -46.546093,
              -23.6110685
            ],
            [
              -46.546132,
              -23.6111215
            ],
            [
              -46.5461577,
              -23.6111828
            ],
            [
              -46.5461776,
              -23.6112948
            ],
            [
              -46.5461647,
              -23.6114282
            ],
            [
              -46.5461179,
              -23.6120288
            ],
            [
              -46.5459788,
              -23.613148
            ],
            [
              -46.5459531,
              -23.6133472
            ],
            [
              -46.5458878,
              -23.6138541
            ],
            [
              -46.5457856,
              -23.6144557
            ],
            [
              -46.5454664,
              -23.6157505
            ],
            [
              -46.5454429,
              -23.6158461
            ],
            [
              -46.5461342,
              -23.61599
            ],
            [
              -46.546432,
              -23.616052
            ],
            [
              -46.5475969,
              -23.6162945
            ],
            [
              -46.5478676,
              -23.6163509
            ],
            [
              -46.5479577,
              -23.6163696
            ],
            [
              -46.5480081,
              -23.6163801
            ],
            [
              -46.5481129,
              -23.6163959
            ],
            [
              -46.5482096,
              -23.6164041
            ],
            [
              -46.5483068,
              -23.616408
            ],
            [
              -46.5484239,
              -23.6164026
            ],
            [
              -46.5485078,
              -23.6163965
            ],
            [
              -46.5485617,
              -23.6163886
            ],
            [
              -46.5486997,
              -23.6163594
            ],
            [
              -46.5489566,
              -23.6162979
            ],
            [
              -46.5500687,
              -23.6160526
            ],
            [
              -46.5501736,
              -23.6160388
            ],
            [
              -46.550285,
              -23.6160354
            ],
            [
              -46.5503839,
              -23.6160391
            ],
            [
              -46.5504912,
              -23.6160547
            ],
            [
              -46.5505877,
              -23.6160762
            ],
            [
              -46.5507027,
              -23.616126
            ],
            [
              -46.550816,
              -23.6161899
            ],
            [
              -46.5509294,
              -23.6162787
            ],
            [
              -46.5510139,
              -23.6163675
            ],
            [
              -46.5511094,
              -23.6165056
            ],
            [
              -46.5512056,
              -23.6166717
            ],
            [
              -46.5508345,
              -23.616866
            ],
            [
              -46.5503889,
              -23.6171425
            ],
            [
              -46.5499561,
              -23.6174509
            ],
            [
              -46.5494535,
              -23.6178625
            ],
            [
              -46.5490857,
              -23.6182312
            ],
            [
              -46.5486421,
              -23.6187246
            ],
            [
              -46.5483749,
              -23.619068
            ],
            [
              -46.5481396,
              -23.6194201
            ],
            [
              -46.5468283,
              -23.6215805
            ],
            [
              -46.5450161,
              -23.624597
            ],
            [
              -46.5450824,
              -23.6246333
            ],
            [
              -46.5451332,
              -23.624661
            ],
            [
              -46.545428,
              -23.6248177
            ],
            [
              -46.5456808,
              -23.6249759
            ],
            [
              -46.5462937,
              -23.6253949
            ],
            [
              -46.5467503,
              -23.6258053
            ],
            [
              -46.5470491,
              -23.6260759
            ],
            [
              -46.5474068,
              -23.6263865
            ],
            [
              -46.5479242,
              -23.6268544
            ],
            [
              -46.5482207,
              -23.6271985
            ],
            [
              -46.5488203,
              -23.627902
            ],
            [
              -46.5491835,
              -23.6284406
            ],
            [
              -46.54929,
              -23.6286759
            ],
            [
              -46.5494558,
              -23.629596
            ],
            [
              -46.5496555,
              -23.6307045
            ],
            [
              -46.5499458,
              -23.6321781
            ],
            [
              -46.5501787,
              -23.6341175
            ],
            [
              -46.5503501,
              -23.635544
            ],
            [
              -46.5504288,
              -23.6361994
            ],
            [
              -46.5504965,
              -23.6366652
            ],
            [
              -46.5507483,
              -23.6383983
            ],
            [
              -46.5516412,
              -23.638988
            ],
            [
              -46.5518301,
              -23.6401209
            ],
            [
              -46.552105,
              -23.6419558
            ],
            [
              -46.5518998,
              -23.6421976
            ],
            [
              -46.5517365,
              -23.6423555
            ],
            [
              -46.5516227,
              -23.642467
            ],
            [
              -46.5516351,
              -23.6424732
            ],
            [
              -46.551766,
              -23.6425386
            ],
            [
              -46.5519912,
              -23.6426511
            ],
            [
              -46.5523728,
              -23.6428417
            ],
            [
              -46.5524349,
              -23.6428739
            ],
            [
              -46.5531169,
              -23.6432282
            ],
            [
              -46.5533306,
              -23.6433393
            ],
            [
              -46.5541576,
              -23.6437592
            ],
            [
              -46.5542873,
              -23.643825
            ],
            [
              -46.554762,
              -23.6440661
            ],
            [
              -46.5548341,
              -23.6441027
            ],
            [
              -46.5548585,
              -23.644276
            ],
            [
              -46.5549182,
              -23.6446862
            ],
            [
              -46.5550167,
              -23.6453873
            ],
            [
              -46.5550566,
              -23.6456712
            ],
            [
              -46.5551008,
              -23.6459853
            ],
            [
              -46.5551681,
              -23.6464642
            ],
            [
              -46.5551513,
              -23.646628
            ],
            [
              -46.555393,
              -23.6482006
            ],
            [
              -46.5553999,
              -23.6482436
            ],
            [
              -46.5554148,
              -23.6482859
            ],
            [
              -46.5555167,
              -23.6485063
            ],
            [
              -46.5555944,
              -23.6486655
            ],
            [
              -46.5556637,
              -23.6487886
            ],
            [
              -46.5557043,
              -23.6488732
            ],
            [
              -46.5557396,
              -23.6489579
            ],
            [
              -46.5557724,
              -23.6490039
            ],
            [
              -46.5558039,
              -23.6490488
            ],
            [
              -46.5559296,
              -23.6489688
            ],
            [
              -46.5562352,
              -23.6487864
            ],
            [
              -46.5564409,
              -23.6486468
            ],
            [
              -46.5565274,
              -23.648585
            ],
            [
              -46.5566234,
              -23.6485088
            ],
            [
              -46.5567037,
              -23.6484252
            ],
            [
              -46.5567486,
              -23.6483727
            ],
            [
              -46.5567855,
              -23.6483231
            ],
            [
              -46.556835,
              -23.6482483
            ],
            [
              -46.5569267,
              -23.648101
            ],
            [
              -46.556981,
              -23.6480137
            ],
            [
              -46.5570572,
              -23.6478833
            ],
            [
              -46.5570951,
              -23.6477877
            ],
            [
              -46.557133,
              -23.647682
            ],
            [
              -46.557164,
              -23.6475955
            ],
            [
              -46.5572419,
              -23.6473783
            ],
            [
              -46.5573523,
              -23.6470414
            ],
            [
              -46.5574067,
              -23.6468869
            ],
            [
              -46.5574588,
              -23.6467484
            ],
            [
              -46.5575547,
              -23.6464744
            ],
            [
              -46.5575792,
              -23.6464071
            ],
            [
              -46.5576081,
              -23.6463259
            ],
            [
              -46.5576452,
              -23.6462148
            ],
            [
              -46.5577002,
              -23.6460974
            ],
            [
              -46.5577582,
              -23.6459995
            ],
            [
              -46.5578224,
              -23.6459011
            ],
            [
              -46.5578852,
              -23.6458274
            ],
            [
              -46.5579868,
              -23.6457231
            ],
            [
              -46.5580846,
              -23.6456444
            ],
            [
              -46.5582977,
              -23.6454738
            ],
            [
              -46.5585355,
              -23.6452744
            ],
            [
              -46.5587408,
              -23.6451062
            ],
            [
              -46.5588021,
              -23.6450545
            ],
            [
              -46.5588598,
              -23.6450069
            ],
            [
              -46.5591475,
              -23.6447696
            ],
            [
              -46.559722,
              -23.6443116
            ],
            [
              -46.5598901,
              -23.6441944
            ],
            [
              -46.5601091,
              -23.6440504
            ],
            [
              -46.560269,
              -23.6439457
            ],
            [
              -46.5606201,
              -23.6437209
            ],
            [
              -46.5607415,
              -23.6436425
            ],
            [
              -46.5608981,
              -23.6438371
            ],
            [
              -46.5610521,
              -23.6440284
            ],
            [
              -46.5612486,
              -23.6442726
            ],
            [
              -46.5614731,
              -23.6445515
            ],
            [
              -46.5616618,
              -23.644786
            ],
            [
              -46.562002,
              -23.6452086
            ],
            [
              -46.5621697,
              -23.645417
            ],
            [
              -46.5621965,
              -23.645472
            ],
            [
              -46.5624016,
              -23.6456069
            ],
            [
              -46.5625827,
              -23.6457113
            ],
            [
              -46.5626176,
              -23.6457653
            ],
            [
              -46.5631981,
              -23.6460439
            ],
            [
              -46.5641661,
              -23.6464533
            ],
            [
              -46.5647685,
              -23.6467568
            ],
            [
              -46.5648647,
              -23.646847
            ],
            [
              -46.564891,
              -23.6468717
            ],
            [
              -46.5656232,
              -23.6477321
            ],
            [
              -46.565747,
              -23.647869
            ],
            [
              -46.5658136,
              -23.6479427
            ],
            [
              -46.5661782,
              -23.6484166
            ],
            [
              -46.5661995,
              -23.6484591
            ],
            [
              -46.5663348,
              -23.6486797
            ],
            [
              -46.5664894,
              -23.6489318
            ],
            [
              -46.5667667,
              -23.6493866
            ],
            [
              -46.5669164,
              -23.6496343
            ],
            [
              -46.5669955,
              -23.6497644
            ],
            [
              -46.5670448,
              -23.6498435
            ],
            [
              -46.5671026,
              -23.6499268
            ],
            [
              -46.5672113,
              -23.650063
            ],
            [
              -46.5673015,
              -23.6501825
            ],
            [
              -46.5662182,
              -23.6504512
            ],
            [
              -46.5654854,
              -23.6506581
            ],
            [
              -46.5654716,
              -23.650662
            ],
            [
              -46.5651932,
              -23.6507982
            ],
            [
              -46.5649681,
              -23.6509509
            ],
            [
              -46.5649411,
              -23.6509693
            ],
            [
              -46.5645809,
              -23.6512742
            ],
            [
              -46.5645426,
              -23.6513066
            ],
            [
              -46.5643653,
              -23.6514962
            ],
            [
              -46.5643537,
              -23.6515086
            ],
            [
              -46.5638389,
              -23.6520777
            ],
            [
              -46.5635748,
              -23.6523662
            ],
            [
              -46.5634913,
              -23.652536
            ],
            [
              -46.5631975,
              -23.6533745
            ],
            [
              -46.5630128,
              -23.6536852
            ],
            [
              -46.562922,
              -23.6538072
            ],
            [
              -46.5627251,
              -23.6540091
            ],
            [
              -46.5622695,
              -23.6543324
            ],
            [
              -46.5618432,
              -23.6547073
            ],
            [
              -46.5615044,
              -23.6550403
            ],
            [
              -46.561211,
              -23.6553983
            ],
            [
              -46.5609597,
              -23.6558661
            ],
            [
              -46.5606677,
              -23.6563988
            ],
            [
              -46.5601138,
              -23.6573567
            ],
            [
              -46.5597386,
              -23.657987
            ],
            [
              -46.5593084,
              -23.658606
            ],
            [
              -46.5588055,
              -23.6592953
            ],
            [
              -46.5584536,
              -23.6597852
            ],
            [
              -46.5578282,
              -23.6606568
            ],
            [
              -46.5576565,
              -23.660894
            ],
            [
              -46.5566185,
              -23.6622937
            ],
            [
              -46.5564681,
              -23.6625035
            ],
            [
              -46.5559547,
              -23.6632109
            ],
            [
              -46.5550834,
              -23.6644117
            ],
            [
              -46.5542116,
              -23.6656129
            ],
            [
              -46.5538066,
              -23.666171
            ],
            [
              -46.5534447,
              -23.6667775
            ],
            [
              -46.5534332,
              -23.6667968
            ],
            [
              -46.5532749,
              -23.6672025
            ],
            [
              -46.5532345,
              -23.6673062
            ],
            [
              -46.5531734,
              -23.6674929
            ],
            [
              -46.5531432,
              -23.6676485
            ],
            [
              -46.5531226,
              -23.667868
            ],
            [
              -46.5531236,
              -23.6683772
            ],
            [
              -46.5531924,
              -23.6690981
            ],
            [
              -46.553208,
              -23.6692665
            ],
            [
              -46.553256,
              -23.6694894
            ],
            [
              -46.553321,
              -23.6696975
            ],
            [
              -46.5535725,
              -23.6702449
            ],
            [
              -46.5538253,
              -23.6707593
            ],
            [
              -46.553976,
              -23.671142
            ],
            [
              -46.5540422,
              -23.671427
            ],
            [
              -46.5540518,
              -23.671609
            ],
            [
              -46.5540532,
              -23.6720852
            ],
            [
              -46.554025,
              -23.6724774
            ],
            [
              -46.5539836,
              -23.6727445
            ],
            [
              -46.5539236,
              -23.6729636
            ],
            [
              -46.5538257,
              -23.6732174
            ],
            [
              -46.5536982,
              -23.6735235
            ],
            [
              -46.5535219,
              -23.6739584
            ],
            [
              -46.5533722,
              -23.6743795
            ],
            [
              -46.5533184,
              -23.6746512
            ],
            [
              -46.5532647,
              -23.6749577
            ],
            [
              -46.5532538,
              -23.6750815
            ],
            [
              -46.5532499,
              -23.6751252
            ],
            [
              -46.5532333,
              -23.675585
            ],
            [
              -46.5532199,
              -23.6759285
            ],
            [
              -46.5532407,
              -23.676338
            ],
            [
              -46.5532779,
              -23.6767033
            ],
            [
              -46.5533567,
              -23.677145
            ],
            [
              -46.5534697,
              -23.6777024
            ],
            [
              -46.5535514,
              -23.6779981
            ],
            [
              -46.5536293,
              -23.6781961
            ],
            [
              -46.5537345,
              -23.678351
            ],
            [
              -46.5538164,
              -23.6784512
            ],
            [
              -46.5539317,
              -23.6785671
            ],
            [
              -46.5540411,
              -23.6786733
            ],
            [
              -46.5542187,
              -23.6788211
            ],
            [
              -46.5545067,
              -23.6790664
            ],
            [
              -46.5545974,
              -23.6791686
            ],
            [
              -46.5546578,
              -23.6792708
            ],
            [
              -46.554707,
              -23.6793784
            ],
            [
              -46.5547372,
              -23.6794756
            ],
            [
              -46.5547475,
              -23.6796315
            ],
            [
              -46.5547331,
              -23.6799978
            ],
            [
              -46.5546983,
              -23.6804804
            ],
            [
              -46.5546601,
              -23.6807278
            ],
            [
              -46.5546303,
              -23.6808856
            ],
            [
              -46.5545763,
              -23.6810841
            ],
            [
              -46.554503,
              -23.6813617
            ],
            [
              -46.5543724,
              -23.6817467
            ],
            [
              -46.5542276,
              -23.6821514
            ],
            [
              -46.5541164,
              -23.6825194
            ],
            [
              -46.554046,
              -23.6827269
            ],
            [
              -46.5540201,
              -23.6827952
            ],
            [
              -46.5539862,
              -23.6828897
            ],
            [
              -46.5539467,
              -23.6829677
            ],
            [
              -46.5538837,
              -23.68307
            ],
            [
              -46.5538271,
              -23.6831553
            ],
            [
              -46.5537404,
              -23.6832684
            ],
            [
              -46.5535531,
              -23.6834854
            ],
            [
              -46.5534191,
              -23.6835943
            ],
            [
              -46.5532879,
              -23.6837009
            ],
            [
              -46.5531088,
              -23.6837884
            ],
            [
              -46.5526538,
              -23.6839856
            ],
            [
              -46.5523316,
              -23.6841023
            ],
            [
              -46.551937,
              -23.6842545
            ],
            [
              -46.5514822,
              -23.6844323
            ],
            [
              -46.5511335,
              -23.6845431
            ],
            [
              -46.5509896,
              -23.6845304
            ],
            [
              -46.5508863,
              -23.6845373
            ],
            [
              -46.5506676,
              -23.6846351
            ],
            [
              -46.5503464,
              -23.6847102
            ],
            [
              -46.5502129,
              -23.6847402
            ],
            [
              -46.5500272,
              -23.6847594
            ],
            [
              -46.5498431,
              -23.6847469
            ],
            [
              -46.549668,
              -23.6847159
            ],
            [
              -46.5495447,
              -23.6846816
            ],
            [
              -46.5493138,
              -23.6846046
            ],
            [
              -46.5492164,
              -23.6845743
            ],
            [
              -46.5490886,
              -23.6845539
            ],
            [
              -46.5489646,
              -23.6845394
            ],
            [
              -46.5484377,
              -23.6844906
            ],
            [
              -46.5481613,
              -23.6844684
            ],
            [
              -46.5478697,
              -23.6844432
            ],
            [
              -46.5477542,
              -23.6844321
            ],
            [
              -46.5476388,
              -23.6844124
            ],
            [
              -46.5474167,
              -23.6843715
            ],
            [
              -46.5472213,
              -23.6843304
            ],
            [
              -46.5469715,
              -23.6842616
            ],
            [
              -46.5467032,
              -23.6841788
            ],
            [
              -46.5465563,
              -23.6841522
            ],
            [
              -46.5462797,
              -23.6840848
            ],
            [
              -46.5459469,
              -23.6839967
            ],
            [
              -46.5457331,
              -23.6839622
            ],
            [
              -46.5452688,
              -23.6838359
            ],
            [
              -46.5451435,
              -23.683816
            ],
            [
              -46.5448291,
              -23.6838161
            ],
            [
              -46.5447249,
              -23.683835
            ],
            [
              -46.5436811,
              -23.6843615
            ],
            [
              -46.5436071,
              -23.6844024
            ],
            [
              -46.5431867,
              -23.6846347
            ],
            [
              -46.5428934,
              -23.6847968
            ],
            [
              -46.542742,
              -23.6848873
            ],
            [
              -46.5425837,
              -23.6849947
            ],
            [
              -46.5424755,
              -23.6850642
            ],
            [
              -46.5422488,
              -23.6852457
            ],
            [
              -46.5421455,
              -23.6853254
            ],
            [
              -46.5419564,
              -23.6854533
            ],
            [
              -46.5417902,
              -23.6855657
            ],
            [
              -46.5416706,
              -23.6856465
            ],
            [
              -46.5415273,
              -23.6857432
            ],
            [
              -46.5410565,
              -23.6860981
            ],
            [
              -46.5409693,
              -23.6861816
            ],
            [
              -46.5407427,
              -23.686399
            ],
            [
              -46.5406414,
              -23.68651
            ],
            [
              -46.5403487,
              -23.6867997
            ],
            [
              -46.540044,
              -23.6870535
            ],
            [
              -46.5395773,
              -23.6874269
            ],
            [
              -46.539552,
              -23.6874549
            ],
            [
              -46.5394676,
              -23.6875603
            ],
            [
              -46.5394435,
              -23.6875986
            ],
            [
              -46.5394084,
              -23.6876835
            ],
            [
              -46.5393757,
              -23.6877947
            ],
            [
              -46.5392711,
              -23.6881555
            ],
            [
              -46.5392454,
              -23.6882613
            ],
            [
              -46.5392206,
              -23.6884253
            ],
            [
              -46.539207,
              -23.688513
            ],
            [
              -46.5392904,
              -23.6885924
            ],
            [
              -46.5393027,
              -23.6886083
            ],
            [
              -46.5393429,
              -23.6886497
            ],
            [
              -46.5393469,
              -23.6886863
            ],
            [
              -46.539329,
              -23.6887356
            ],
            [
              -46.539304,
              -23.6887549
            ],
            [
              -46.5392501,
              -23.6887975
            ],
            [
              -46.5390033,
              -23.6889841
            ],
            [
              -46.5389171,
              -23.6890711
            ],
            [
              -46.5383811,
              -23.6894508
            ],
            [
              -46.5381745,
              -23.6896891
            ],
            [
              -46.5380833,
              -23.6898168
            ],
            [
              -46.5380208,
              -23.6899344
            ],
            [
              -46.5378772,
              -23.6901605
            ],
            [
              -46.5378077,
              -23.690265
            ],
            [
              -46.5375335,
              -23.6909491
            ],
            [
              -46.5374619,
              -23.6911652
            ],
            [
              -46.5374474,
              -23.6913312
            ],
            [
              -46.5374177,
              -23.6916604
            ],
            [
              -46.5374016,
              -23.6918398
            ],
            [
              -46.5373953,
              -23.6918868
            ],
            [
              -46.537217,
              -23.6924277
            ],
            [
              -46.5372025,
              -23.6924868
            ],
            [
              -46.5370882,
              -23.6929533
            ],
            [
              -46.5370766,
              -23.6930759
            ],
            [
              -46.5370292,
              -23.6936115
            ],
            [
              -46.5369595,
              -23.6939726
            ],
            [
              -46.5368932,
              -23.694281
            ],
            [
              -46.5368629,
              -23.6945522
            ],
            [
              -46.5368897,
              -23.6947217
            ],
            [
              -46.537039,
              -23.695073
            ],
            [
              -46.5370297,
              -23.6951004
            ],
            [
              -46.536938,
              -23.6953701
            ],
            [
              -46.5369447,
              -23.6954548
            ],
            [
              -46.5370345,
              -23.6956458
            ],
            [
              -46.5370466,
              -23.695811
            ],
            [
              -46.5370077,
              -23.6959498
            ],
            [
              -46.5369769,
              -23.6960665
            ],
            [
              -46.5370036,
              -23.6961647
            ],
            [
              -46.5370251,
              -23.6962335
            ],
            [
              -46.5370305,
              -23.6962703
            ],
            [
              -46.5370211,
              -23.6963084
            ],
            [
              -46.5368575,
              -23.6965405
            ],
            [
              -46.5367998,
              -23.6965687
            ],
            [
              -46.5367194,
              -23.6965466
            ],
            [
              -46.5366657,
              -23.6965491
            ],
            [
              -46.5366147,
              -23.696581
            ],
            [
              -46.5365075,
              -23.6966989
            ],
            [
              -46.5363465,
              -23.6968383
            ],
            [
              -46.5362741,
              -23.6968591
            ],
            [
              -46.5362191,
              -23.696869
            ],
            [
              -46.5361451,
              -23.6968491
            ],
            [
              -46.536091,
              -23.6968192
            ],
            [
              -46.5359268,
              -23.6967726
            ],
            [
              -46.5358436,
              -23.6967898
            ],
            [
              -46.5355563,
              -23.6969663
            ],
            [
              -46.5352763,
              -23.6970897
            ],
            [
              -46.5349831,
              -23.6972202
            ],
            [
              -46.5347098,
              -23.6973928
            ],
            [
              -46.5344218,
              -23.6976122
            ],
            [
              -46.5343083,
              -23.6978163
            ],
            [
              -46.5341869,
              -23.6982454
            ],
            [
              -46.5341762,
              -23.6984469
            ],
            [
              -46.5339283,
              -23.6988967
            ],
            [
              -46.5336821,
              -23.6995066
            ],
            [
              -46.5333183,
              -23.7001464
            ],
            [
              -46.5332324,
              -23.7002641
            ],
            [
              -46.5330868,
              -23.7004264
            ],
            [
              -46.5330192,
              -23.7004922
            ],
            [
              -46.5328687,
              -23.7006063
            ],
            [
              -46.5325024,
              -23.7007965
            ],
            [
              -46.5321558,
              -23.7009574
            ],
            [
              -46.5320621,
              -23.7009922
            ],
            [
              -46.5317418,
              -23.7010967
            ],
            [
              -46.5302271,
              -23.7015512
            ],
            [
              -46.5300587,
              -23.7016394
            ],
            [
              -46.5299792,
              -23.7017105
            ],
            [
              -46.5299082,
              -23.7017929
            ],
            [
              -46.5298124,
              -23.7019222
            ],
            [
              -46.5296239,
              -23.7022917
            ],
            [
              -46.5294517,
              -23.7027014
            ],
            [
              -46.529261,
              -23.703182
            ],
            [
              -46.5290563,
              -23.7033939
            ],
            [
              -46.5289396,
              -23.7034725
            ],
            [
              -46.5287939,
              -23.7034997
            ],
            [
              -46.5282128,
              -23.7033083
            ],
            [
              -46.5266555,
              -23.7023317
            ],
            [
              -46.5261799,
              -23.7019384
            ],
            [
              -46.5259082,
              -23.7018002
            ],
            [
              -46.5256878,
              -23.7017546
            ],
            [
              -46.5253575,
              -23.7017607
            ],
            [
              -46.5251876,
              -23.7017895
            ],
            [
              -46.5249699,
              -23.7020112
            ],
            [
              -46.5248211,
              -23.7020996
            ],
            [
              -46.5246526,
              -23.7021385
            ],
            [
              -46.5245247,
              -23.702134
            ],
            [
              -46.5244247,
              -23.7020867
            ],
            [
              -46.5241689,
              -23.7019123
            ],
            [
              -46.5239587,
              -23.7016085
            ],
            [
              -46.5238756,
              -23.7014181
            ],
            [
              -46.5238293,
              -23.7013635
            ],
            [
              -46.5237549,
              -23.7013223
            ],
            [
              -46.5237006,
              -23.7013193
            ],
            [
              -46.5236493,
              -23.7013538
            ],
            [
              -46.5235819,
              -23.7014488
            ],
            [
              -46.5234654,
              -23.7017087
            ],
            [
              -46.5232252,
              -23.702015
            ],
            [
              -46.5230736,
              -23.7022298
            ],
            [
              -46.522918,
              -23.7023673
            ],
            [
              -46.5226284,
              -23.7024459
            ],
            [
              -46.5224111,
              -23.7024742
            ],
            [
              -46.5221515,
              -23.7024644
            ],
            [
              -46.5216722,
              -23.7023035
            ],
            [
              -46.5214777,
              -23.7022286
            ],
            [
              -46.5213924,
              -23.7021629
            ],
            [
              -46.5213597,
              -23.7020972
            ],
            [
              -46.5213007,
              -23.7018897
            ],
            [
              -46.5212348,
              -23.7018006
            ],
            [
              -46.5209385,
              -23.7014562
            ],
            [
              -46.5206777,
              -23.7011233
            ],
            [
              -46.52061,
              -23.7010559
            ],
            [
              -46.5205382,
              -23.7010088
            ],
            [
              -46.5203929,
              -23.7009964
            ],
            [
              -46.520262,
              -23.7010165
            ],
            [
              -46.5201916,
              -23.701054
            ],
            [
              -46.5201503,
              -23.701085
            ],
            [
              -46.5201192,
              -23.7011243
            ],
            [
              -46.5201031,
              -23.7011824
            ],
            [
              -46.5200454,
              -23.7016772
            ],
            [
              -46.5199649,
              -23.7018983
            ],
            [
              -46.5195798,
              -23.7026307
            ],
            [
              -46.5193008,
              -23.7029439
            ],
            [
              -46.5191133,
              -23.7031066
            ],
            [
              -46.5189964,
              -23.7032387
            ],
            [
              -46.5189591,
              -23.7033252
            ],
            [
              -46.5189396,
              -23.7033979
            ],
            [
              -46.5187767,
              -23.7039128
            ],
            [
              -46.5187227,
              -23.7040279
            ],
            [
              -46.5186315,
              -23.7041315
            ],
            [
              -46.5185339,
              -23.7042097
            ],
            [
              -46.5184462,
              -23.7042531
            ],
            [
              -46.5179372,
              -23.7044849
            ],
            [
              -46.5176153,
              -23.7046808
            ],
            [
              -46.5173296,
              -23.7048815
            ],
            [
              -46.5169366,
              -23.7052314
            ],
            [
              -46.5165942,
              -23.7055491
            ],
            [
              -46.5164933,
              -23.7056744
            ],
            [
              -46.5164995,
              -23.7058339
            ],
            [
              -46.5165541,
              -23.7059745
            ],
            [
              -46.5167785,
              -23.7062256
            ],
            [
              -46.5169179,
              -23.7064957
            ],
            [
              -46.5173514,
              -23.7069082
            ],
            [
              -46.5179508,
              -23.7071623
            ],
            [
              -46.5180713,
              -23.7073307
            ],
            [
              -46.5180713,
              -23.7075665
            ],
            [
              -46.5178979,
              -23.7078701
            ],
            [
              -46.5177862,
              -23.7084483
            ],
            [
              -46.5175772,
              -23.7090428
            ],
            [
              -46.5174721,
              -23.7095148
            ],
            [
              -46.5176261,
              -23.7096294
            ],
            [
              -46.517798,
              -23.7099058
            ],
            [
              -46.5179959,
              -23.7099966
            ],
            [
              -46.5188867,
              -23.7103563
            ],
            [
              -46.5203016,
              -23.7114425
            ],
            [
              -46.52084,
              -23.7125172
            ],
            [
              -46.5218803,
              -23.7146993
            ],
            [
              -46.5205878,
              -23.7157803
            ],
            [
              -46.5203985,
              -23.7163173
            ],
            [
              -46.5202287,
              -23.7166987
            ],
            [
              -46.5194274,
              -23.717241
            ],
            [
              -46.519247,
              -23.7173907
            ],
            [
              -46.5191066,
              -23.7175659
            ],
            [
              -46.5186665,
              -23.7180035
            ],
            [
              -46.5177154,
              -23.7192866
            ],
            [
              -46.5175993,
              -23.7194896
            ],
            [
              -46.5174887,
              -23.7203551
            ],
            [
              -46.5173979,
              -23.7213768
            ],
            [
              -46.5175946,
              -23.7220248
            ],
            [
              -46.5177218,
              -23.722794
            ],
            [
              -46.5178194,
              -23.722992
            ],
            [
              -46.518317,
              -23.7240097
            ],
            [
              -46.517783,
              -23.7242002
            ],
            [
              -46.5175326,
              -23.7245439
            ],
            [
              -46.5174386,
              -23.725698
            ],
            [
              -46.5173257,
              -23.7260723
            ],
            [
              -46.5168571,
              -23.726779
            ],
            [
              -46.5168536,
              -23.7270069
            ],
            [
              -46.5169822,
              -23.7289403
            ],
            [
              -46.5172794,
              -23.7291694
            ],
            [
              -46.5172975,
              -23.7296933
            ],
            [
              -46.5175684,
              -23.7304578
            ],
            [
              -46.5178741,
              -23.731037
            ],
            [
              -46.5179265,
              -23.7312265
            ],
            [
              -46.5180416,
              -23.731451
            ],
            [
              -46.5186639,
              -23.7317968
            ],
            [
              -46.5190905,
              -23.7323388
            ],
            [
              -46.5193547,
              -23.7329937
            ],
            [
              -46.5195951,
              -23.7332025
            ],
            [
              -46.5204102,
              -23.7347701
            ],
            [
              -46.5203779,
              -23.7351168
            ],
            [
              -46.5205807,
              -23.7354443
            ],
            [
              -46.5197216,
              -23.7358748
            ],
            [
              -46.5188385,
              -23.7365097
            ],
            [
              -46.5186094,
              -23.7370022
            ],
            [
              -46.5181223,
              -23.7373505
            ],
            [
              -46.5176445,
              -23.7374861
            ],
            [
              -46.5178142,
              -23.7378746
            ],
            [
              -46.5177737,
              -23.7393722
            ],
            [
              -46.5180438,
              -23.739813
            ],
            [
              -46.5177818,
              -23.7404884
            ],
            [
              -46.5179749,
              -23.7409567
            ],
            [
              -46.517669,
              -23.7414382
            ],
            [
              -46.5176153,
              -23.741669
            ],
            [
              -46.5174162,
              -23.7419752
            ],
            [
              -46.5176792,
              -23.7424324
            ],
            [
              -46.5179238,
              -23.7428979
            ],
            [
              -46.5187182,
              -23.7432823
            ],
            [
              -46.5192112,
              -23.7433459
            ],
            [
              -46.519423,
              -23.7441584
            ],
            [
              -46.5194022,
              -23.7445958
            ],
            [
              -46.5199026,
              -23.7451303
            ],
            [
              -46.5202695,
              -23.7454508
            ],
            [
              -46.520673,
              -23.7458151
            ],
            [
              -46.5211371,
              -23.7460638
            ],
            [
              -46.5214178,
              -23.7458978
            ],
            [
              -46.5218123,
              -23.7460453
            ],
            [
              -46.5222486,
              -23.7462505
            ],
            [
              -46.5232077,
              -23.7462122
            ],
            [
              -46.5242814,
              -23.7462186
            ],
            [
              -46.5247152,
              -23.7461488
            ],
            [
              -46.5250093,
              -23.7456403
            ],
            [
              -46.5256398,
              -23.7456945
            ],
            [
              -46.5263645,
              -23.7458184
            ],
            [
              -46.5267261,
              -23.7461224
            ],
            [
              -46.5272231,
              -23.7467722
            ],
            [
              -46.527649,
              -23.7471621
            ],
            [
              -46.5276545,
              -23.7472426
            ],
            [
              -46.5277362,
              -23.7484395
            ],
            [
              -46.5279795,
              -23.7486198
            ],
            [
              -46.5267295,
              -23.7491252
            ],
            [
              -46.5261555,
              -23.7492013
            ],
            [
              -46.5255234,
              -23.7494335
            ],
            [
              -46.5249416,
              -23.7493498
            ],
            [
              -46.5239427,
              -23.7495858
            ],
            [
              -46.5232442,
              -23.7500869
            ],
            [
              -46.5228119,
              -23.7501743
            ],
            [
              -46.5224433,
              -23.7503307
            ],
            [
              -46.5221109,
              -23.7503207
            ],
            [
              -46.5217559,
              -23.7498835
            ],
            [
              -46.5211621,
              -23.7495128
            ],
            [
              -46.5207076,
              -23.7494426
            ],
            [
              -46.520136,
              -23.7494081
            ],
            [
              -46.5192328,
              -23.7495827
            ],
            [
              -46.5191227,
              -23.7494763
            ],
            [
              -46.5187584,
              -23.7492512
            ],
            [
              -46.5183793,
              -23.7486959
            ],
            [
              -46.5179975,
              -23.7483613
            ],
            [
              -46.517965,
              -23.7480287
            ],
            [
              -46.5171834,
              -23.7476727
            ],
            [
              -46.5163245,
              -23.7474054
            ],
            [
              -46.5157372,
              -23.7473806
            ],
            [
              -46.5151599,
              -23.747484
            ],
            [
              -46.5148901,
              -23.7476563
            ],
            [
              -46.5146336,
              -23.7477326
            ],
            [
              -46.5142249,
              -23.747461
            ],
            [
              -46.5139739,
              -23.7466512
            ],
            [
              -46.5137668,
              -23.7464559
            ],
            [
              -46.5135261,
              -23.7463869
            ],
            [
              -46.5131832,
              -23.7464961
            ],
            [
              -46.5129762,
              -23.7471222
            ],
            [
              -46.5129134,
              -23.7476678
            ],
            [
              -46.5127503,
              -23.7480354
            ],
            [
              -46.5120907,
              -23.7482401
            ],
            [
              -46.5113356,
              -23.7479897
            ],
            [
              -46.5109152,
              -23.7476055
            ],
            [
              -46.510722,
              -23.7472962
            ],
            [
              -46.5103817,
              -23.7470016
            ],
            [
              -46.509657,
              -23.7470671
            ],
            [
              -46.5093375,
              -23.7465472
            ],
            [
              -46.5089747,
              -23.746237
            ],
            [
              -46.5085985,
              -23.7461399
            ],
            [
              -46.5081589,
              -23.7458924
            ],
            [
              -46.5076026,
              -23.7454929
            ],
            [
              -46.507261,
              -23.7443621
            ],
            [
              -46.506832,
              -23.7437048
            ],
            [
              -46.5064991,
              -23.7434979
            ],
            [
              -46.5060121,
              -23.7438246
            ],
            [
              -46.5055132,
              -23.7443107
            ],
            [
              -46.5050556,
              -23.7445946
            ],
            [
              -46.5042863,
              -23.7447921
            ],
            [
              -46.5037201,
              -23.7448143
            ],
            [
              -46.50234,
              -23.7451597
            ],
            [
              -46.5016258,
              -23.7456425
            ],
            [
              -46.5012649,
              -23.7461013
            ],
            [
              -46.5011707,
              -23.7461644
            ],
            [
              -46.50103,
              -23.7461929
            ],
            [
              -46.500201,
              -23.7460258
            ],
            [
              -46.4998096,
              -23.746017
            ],
            [
              -46.49961,
              -23.7460415
            ],
            [
              -46.4994075,
              -23.7460807
            ],
            [
              -46.4990652,
              -23.7462454
            ],
            [
              -46.4988451,
              -23.7464261
            ],
            [
              -46.4985894,
              -23.7465482
            ],
            [
              -46.4973955,
              -23.7471569
            ],
            [
              -46.4966711,
              -23.7476898
            ],
            [
              -46.49634,
              -23.7480278
            ],
            [
              -46.4957179,
              -23.7491732
            ],
            [
              -46.494947,
              -23.7507814
            ],
            [
              -46.4939335,
              -23.7520315
            ],
            [
              -46.4886254,
              -23.7577198
            ],
            [
              -46.486915,
              -23.7595683
            ],
            [
              -46.4838581,
              -23.7621901
            ],
            [
              -46.4827932,
              -23.7631281
            ],
            [
              -46.4814532,
              -23.7639932
            ],
            [
              -46.480161,
              -23.7645495
            ],
            [
              -46.4791092,
              -23.7649107
            ],
            [
              -46.4785999,
              -23.7651436
            ],
            [
              -46.4782273,
              -23.7652315
            ],
            [
              -46.4776041,
              -23.7656194
            ],
            [
              -46.4770955,
              -23.7660802
            ],
            [
              -46.4767258,
              -23.7667288
            ],
            [
              -46.4756104,
              -23.7689779
            ],
            [
              -46.4755615,
              -23.7695266
            ],
            [
              -46.4753347,
              -23.7702748
            ],
            [
              -46.4749843,
              -23.7713
            ],
            [
              -46.4747985,
              -23.771583
            ],
            [
              -46.4746785,
              -23.7716991
            ],
            [
              -46.4746181,
              -23.7717792
            ],
            [
              -46.4745243,
              -23.7718879
            ],
            [
              -46.4743754,
              -23.7723064
            ],
            [
              -46.4741625,
              -23.772691
            ],
            [
              -46.4735381,
              -23.7729876
            ],
            [
              -46.4725155,
              -23.7734847
            ],
            [
              -46.4718102,
              -23.7737307
            ],
            [
              -46.4709804,
              -23.7743437
            ],
            [
              -46.4707812,
              -23.7746922
            ],
            [
              -46.4702475,
              -23.775301
            ],
            [
              -46.4699994,
              -23.7757255
            ],
            [
              -46.4697682,
              -23.7760212
            ],
            [
              -46.469408,
              -23.7761994
            ],
            [
              -46.4686824,
              -23.7764921
            ],
            [
              -46.4684223,
              -23.77664
            ],
            [
              -46.4683351,
              -23.7767173
            ],
            [
              -46.4682727,
              -23.77681
            ],
            [
              -46.4682318,
              -23.7768996
            ],
            [
              -46.468211,
              -23.7769775
            ],
            [
              -46.4681534,
              -23.7771812
            ],
            [
              -46.468083,
              -23.777404
            ],
            [
              -46.4680173,
              -23.7774512
            ],
            [
              -46.4678825,
              -23.7775071
            ],
            [
              -46.4675928,
              -23.7776041
            ],
            [
              -46.467328,
              -23.7776685
            ],
            [
              -46.4671063,
              -23.7777219
            ],
            [
              -46.4669714,
              -23.7778077
            ],
            [
              -46.4668947,
              -23.7780084
            ],
            [
              -46.4668362,
              -23.7780546
            ],
            [
              -46.4667392,
              -23.7780894
            ],
            [
              -46.4665555,
              -23.7781876
            ],
            [
              -46.4663637,
              -23.7782919
            ],
            [
              -46.4662628,
              -23.7783134
            ],
            [
              -46.4660748,
              -23.7783606
            ],
            [
              -46.4658407,
              -23.7784282
            ],
            [
              -46.4655416,
              -23.7785923
            ],
            [
              -46.4650674,
              -23.7788498
            ],
            [
              -46.4648187,
              -23.778897
            ],
            [
              -46.4645746,
              -23.7789153
            ],
            [
              -46.4645028,
              -23.7789563
            ],
            [
              -46.464572,
              -23.7794247
            ],
            [
              -46.4643037,
              -23.7800923
            ],
            [
              -46.4643037,
              -23.7803574
            ],
            [
              -46.4644325,
              -23.7807894
            ],
            [
              -46.4642394,
              -23.7812214
            ],
            [
              -46.4633489,
              -23.7822228
            ],
            [
              -46.4616644,
              -23.7826842
            ],
            [
              -46.4614284,
              -23.7829395
            ],
            [
              -46.4613645,
              -23.7835989
            ],
            [
              -46.4608343,
              -23.7843445
            ],
            [
              -46.4605795,
              -23.7843397
            ],
            [
              -46.4603457,
              -23.7842756
            ],
            [
              -46.4599532,
              -23.7841029
            ],
            [
              -46.4594758,
              -23.7839998
            ],
            [
              -46.4584136,
              -23.7845103
            ],
            [
              -46.4576437,
              -23.7841533
            ],
            [
              -46.4575953,
              -23.7841308
            ],
            [
              -46.457051,
              -23.7843238
            ],
            [
              -46.4566004,
              -23.7846576
            ],
            [
              -46.4562154,
              -23.7850938
            ],
            [
              -46.4556492,
              -23.7864464
            ],
            [
              -46.454238,
              -23.7899301
            ],
            [
              -46.4529298,
              -23.7921228
            ],
            [
              -46.4480745,
              -23.7959742
            ],
            [
              -46.4463042,
              -23.7973342
            ],
            [
              -46.4424715,
              -23.7993005
            ],
            [
              -46.441368,
              -23.7999264
            ],
            [
              -46.4404965,
              -23.8002175
            ],
            [
              -46.4399574,
              -23.8006421
            ],
            [
              -46.4396274,
              -23.8007771
            ],
            [
              -46.4391607,
              -23.8009489
            ],
            [
              -46.4390132,
              -23.801052
            ],
            [
              -46.4388925,
              -23.8012016
            ],
            [
              -46.4388013,
              -23.8012311
            ],
            [
              -46.4387074,
              -23.8012311
            ],
            [
              -46.4385869,
              -23.8011802
            ],
            [
              -46.4382675,
              -23.8008458
            ],
            [
              -46.4378008,
              -23.8005365
            ],
            [
              -46.4375141,
              -23.8005162
            ],
            [
              -46.43709,
              -23.8003623
            ],
            [
              -46.4367655,
              -23.8003035
            ],
            [
              -46.4364677,
              -23.8003084
            ],
            [
              -46.4363256,
              -23.8004924
            ],
            [
              -46.4362318,
              -23.8010888
            ],
            [
              -46.4360467,
              -23.8012974
            ],
            [
              -46.4358508,
              -23.8013906
            ],
            [
              -46.4356095,
              -23.8013747
            ],
            [
              -46.43525,
              -23.8012483
            ],
            [
              -46.4348294,
              -23.8010658
            ],
            [
              -46.4344186,
              -23.8008875
            ],
            [
              -46.4340189,
              -23.8008041
            ],
            [
              -46.43363,
              -23.8008065
            ],
            [
              -46.4332069,
              -23.8009401
            ],
            [
              -46.4328814,
              -23.8010633
            ],
            [
              -46.4317739,
              -23.8016311
            ],
            [
              -46.4313877,
              -23.8015329
            ],
            [
              -46.4309478,
              -23.8012434
            ],
            [
              -46.4304114,
              -23.801366
            ],
            [
              -46.4301807,
              -23.8018274
            ],
            [
              -46.4300809,
              -23.8028641
            ],
            [
              -46.4297944,
              -23.8034668
            ],
            [
              -46.4298535,
              -23.8036336
            ],
            [
              -46.4303577,
              -23.803879
            ],
            [
              -46.4309263,
              -23.8043502
            ],
            [
              -46.4315808,
              -23.8055085
            ],
            [
              -46.4322996,
              -23.8065294
            ],
            [
              -46.4323855,
              -23.8070103
            ],
            [
              -46.4319942,
              -23.8076908
            ],
            [
              -46.4313555,
              -23.8082373
            ],
            [
              -46.4294887,
              -23.8092385
            ],
            [
              -46.4289276,
              -23.8110135
            ],
            [
              -46.4275575,
              -23.811663
            ],
            [
              -46.4265382,
              -23.8128507
            ],
            [
              -46.4261413,
              -23.8130077
            ],
            [
              -46.4249826,
              -23.812674
            ],
            [
              -46.4245749,
              -23.8123697
            ],
            [
              -46.4237595,
              -23.8121734
            ],
            [
              -46.423384,
              -23.8131255
            ],
            [
              -46.4214957,
              -23.8127427
            ],
            [
              -46.4207447,
              -23.8127427
            ],
            [
              -46.4201385,
              -23.8130273
            ],
            [
              -46.4201009,
              -23.8133316
            ],
            [
              -46.4199722,
              -23.8135574
            ],
            [
              -46.4195967,
              -23.8137144
            ],
            [
              -46.4190495,
              -23.8138028
            ],
            [
              -46.4187276,
              -23.8136261
            ],
            [
              -46.4180195,
              -23.8130961
            ],
            [
              -46.4176977,
              -23.8131353
            ],
            [
              -46.4173544,
              -23.8136163
            ],
            [
              -46.4172256,
              -23.8139795
            ],
            [
              -46.4171934,
              -23.8143034
            ],
            [
              -46.4170539,
              -23.8147304
            ],
            [
              -46.4167643,
              -23.8149708
            ],
            [
              -46.4164424,
              -23.8150493
            ],
            [
              -46.4156592,
              -23.8151965
            ],
            [
              -46.4151711,
              -23.8155155
            ],
            [
              -46.414876,
              -23.8156923
            ],
            [
              -46.4140821,
              -23.8158052
            ],
            [
              -46.4135403,
              -23.8158051
            ],
            [
              -46.4127731,
              -23.8157315
            ],
            [
              -46.4123279,
              -23.8156726
            ],
            [
              -46.4109331,
              -23.8144849
            ],
            [
              -46.4105281,
              -23.8147723
            ],
            [
              -46.4101207,
              -23.8153178
            ],
            [
              -46.4095974,
              -23.815118
            ],
            [
              -46.4088571,
              -23.8147647
            ],
            [
              -46.4082992,
              -23.8144212
            ],
            [
              -46.4079881,
              -23.8138911
            ],
            [
              -46.4043832,
              -23.8116924
            ],
            [
              -46.4040664,
              -23.8115857
            ],
            [
              -46.4037273,
              -23.8115595
            ],
            [
              -46.4022052,
              -23.8120949
            ],
            [
              -46.3995445,
              -23.8119477
            ],
            [
              -46.3989115,
              -23.8117121
            ],
            [
              -46.3972592,
              -23.8118495
            ],
            [
              -46.3962293,
              -23.8115256
            ],
            [
              -46.3954783,
              -23.8117513
            ],
            [
              -46.3950358,
              -23.8123271
            ],
            [
              -46.3947487,
              -23.8124679
            ],
            [
              -46.3944828,
              -23.8124982
            ],
            [
              -46.3942015,
              -23.8124433
            ],
            [
              -46.3939816,
              -23.8122519
            ],
            [
              -46.3936007,
              -23.8116483
            ],
            [
              -46.3932252,
              -23.8111772
            ],
            [
              -46.3921034,
              -23.8103223
            ],
            [
              -46.3909773,
              -23.8097063
            ],
            [
              -46.3897403,
              -23.8093239
            ],
            [
              -46.3863051,
              -23.8088459
            ],
            [
              -46.3848641,
              -23.8093951
            ],
            [
              -46.3836658,
              -23.8088655
            ],
            [
              -46.3829899,
              -23.8083747
            ],
            [
              -46.3828933,
              -23.8079429
            ],
            [
              -46.3830972,
              -23.8074717
            ],
            [
              -46.3828826,
              -23.8070005
            ],
            [
              -46.381799,
              -23.8065097
            ],
            [
              -46.3774967,
              -23.8028581
            ],
            [
              -46.3758445,
              -23.8004433
            ],
            [
              -46.3758338,
              -23.7993733
            ],
            [
              -46.3760591,
              -23.7983131
            ],
            [
              -46.3757479,
              -23.7979499
            ],
            [
              -46.3752973,
              -23.7977536
            ],
            [
              -46.3746952,
              -23.7968442
            ],
            [
              -46.3741708,
              -23.7954172
            ],
            [
              -46.3745999,
              -23.7947693
            ],
            [
              -46.3752437,
              -23.7945043
            ],
            [
              -46.3766813,
              -23.7954369
            ],
            [
              -46.3768208,
              -23.7961142
            ],
            [
              -46.3774538,
              -23.7962811
            ],
            [
              -46.3779903,
              -23.7947693
            ],
            [
              -46.3785482,
              -23.7927274
            ],
            [
              -46.378516,
              -23.7925261
            ],
            [
              -46.3780761,
              -23.7922267
            ],
            [
              -46.3775289,
              -23.7921776
            ],
            [
              -46.3771427,
              -23.7924623
            ],
            [
              -46.3762812,
              -23.7926171
            ],
            [
              -46.3737524,
              -23.7912254
            ],
            [
              -46.373055,
              -23.7910781
            ],
            [
              -46.3729692,
              -23.7905971
            ],
            [
              -46.3720858,
              -23.7902272
            ],
            [
              -46.3695359,
              -23.7916672
            ],
            [
              -46.369329,
              -23.7915927
            ],
            [
              -46.3688815,
              -23.7914315
            ],
            [
              -46.3681802,
              -23.7917546
            ],
            [
              -46.3619292,
              -23.7904596
            ],
            [
              -46.3609958,
              -23.7907837
            ],
            [
              -46.3594937,
              -23.7904596
            ],
            [
              -46.3569832,
              -23.7901357
            ],
            [
              -46.3562536,
              -23.7895466
            ],
            [
              -46.355,
              -23.7900576
            ],
            [
              -46.3548535,
              -23.7898903
            ],
            [
              -46.3551486,
              -23.7894387
            ],
            [
              -46.3544297,
              -23.7882901
            ],
            [
              -46.3523055,
              -23.7869941
            ],
            [
              -46.3511896,
              -23.7869058
            ],
            [
              -46.3502268,
              -23.7873931
            ],
            [
              -46.3495427,
              -23.7874163
            ],
            [
              -46.3491082,
              -23.7870874
            ],
            [
              -46.3489687,
              -23.7872494
            ],
            [
              -46.3490009,
              -23.7877795
            ],
            [
              -46.3485128,
              -23.7879758
            ],
            [
              -46.3476384,
              -23.7876814
            ],
            [
              -46.3467372,
              -23.7876126
            ],
            [
              -46.3453209,
              -23.7874801
            ],
            [
              -46.3448382,
              -23.7872003
            ],
            [
              -46.3443017,
              -23.7860909
            ],
            [
              -46.3437009,
              -23.7848735
            ],
            [
              -46.3433311,
              -23.7844909
            ],
            [
              -46.3429177,
              -23.7841961
            ],
            [
              -46.3415551,
              -23.7834009
            ],
            [
              -46.3403213,
              -23.7825271
            ],
            [
              -46.3377532,
              -23.7815498
            ],
            [
              -46.3346028,
              -23.7808286
            ],
            [
              -46.3321781,
              -23.7807501
            ],
            [
              -46.3311696,
              -23.7812213
            ],
            [
              -46.3308907,
              -23.7821442
            ],
            [
              -46.3287234,
              -23.7829591
            ],
            [
              -46.3273502,
              -23.7831849
            ],
            [
              -46.3267815,
              -23.7836169
            ],
            [
              -46.3258696,
              -23.7840489
            ],
            [
              -46.3252795,
              -23.78399
            ],
            [
              -46.3246787,
              -23.7835089
            ],
            [
              -46.3245553,
              -23.7836807
            ],
            [
              -46.3246894,
              -23.7838378
            ],
            [
              -46.3247109,
              -23.7840931
            ],
            [
              -46.3243032,
              -23.7845103
            ],
            [
              -46.3227582,
              -23.7849717
            ],
            [
              -46.3219535,
              -23.7847459
            ],
            [
              -46.3214064,
              -23.7843532
            ],
            [
              -46.3207251,
              -23.7835678
            ],
            [
              -46.3199473,
              -23.7829297
            ],
            [
              -46.319392,
              -23.7827235
            ],
            [
              -46.3191479,
              -23.782559
            ],
            [
              -46.3189843,
              -23.7823627
            ],
            [
              -46.3186267,
              -23.7818387
            ],
            [
              -46.3186877,
              -23.7932722
            ],
            [
              -46.3187001,
              -23.7955988
            ],
            [
              -46.318734,
              -23.8019411
            ],
            [
              -46.3180268,
              -23.8017096
            ],
            [
              -46.3166857,
              -23.8018765
            ],
            [
              -46.3163531,
              -23.8018274
            ],
            [
              -46.3159454,
              -23.8011108
            ],
            [
              -46.3147009,
              -23.799658
            ],
            [
              -46.313982,
              -23.7988726
            ],
            [
              -46.3126677,
              -23.7981217
            ],
            [
              -46.3116485,
              -23.7972726
            ],
            [
              -46.3104844,
              -23.7966345
            ],
            [
              -46.3093686,
              -23.7950982
            ],
            [
              -46.3085586,
              -23.79473
            ],
            [
              -46.3083494,
              -23.7944944
            ],
            [
              -46.3083816,
              -23.7941656
            ],
            [
              -46.3086444,
              -23.793876
            ],
            [
              -46.3086712,
              -23.7935913
            ],
            [
              -46.3085823,
              -23.7932844
            ],
            [
              -46.3079363,
              -23.7927716
            ],
            [
              -46.3073999,
              -23.7921285
            ],
            [
              -46.3059139,
              -23.7910143
            ],
            [
              -46.3050414,
              -23.7903887
            ],
            [
              -46.3048563,
              -23.7902657
            ],
            [
              -46.3046157,
              -23.7900301
            ],
            [
              -46.3041356,
              -23.7895687
            ],
            [
              -46.3039024,
              -23.7892963
            ],
            [
              -46.3036555,
              -23.7891318
            ],
            [
              -46.3032961,
              -23.7890067
            ],
            [
              -46.3029366,
              -23.788987
            ],
            [
              -46.3027542,
              -23.7890018
            ],
            [
              -46.3025237,
              -23.7889822
            ],
            [
              -46.3024566,
              -23.7888668
            ],
            [
              -46.302427,
              -23.7887195
            ],
            [
              -46.302545,
              -23.7881329
            ],
            [
              -46.3024861,
              -23.7879464
            ],
            [
              -46.3023707,
              -23.7878164
            ],
            [
              -46.3021749,
              -23.7876863
            ],
            [
              -46.3020194,
              -23.7876225
            ],
            [
              -46.3013187,
              -23.7874786
            ],
            [
              -46.300799,
              -23.7871905
            ],
            [
              -46.3003564,
              -23.7870236
            ],
            [
              -46.2999433,
              -23.7869475
            ],
            [
              -46.299659,
              -23.78695
            ],
            [
              -46.2994552,
              -23.7869868
            ],
            [
              -46.2992305,
              -23.787114
            ],
            [
              -46.2991333,
              -23.7872911
            ],
            [
              -46.2989776,
              -23.7878605
            ],
            [
              -46.2988597,
              -23.7880741
            ],
            [
              -46.2987042,
              -23.7882017
            ],
            [
              -46.298334,
              -23.7881943
            ],
            [
              -46.2974167,
              -23.7881526
            ],
            [
              -46.2968668,
              -23.7881011
            ],
            [
              -46.296309,
              -23.7879342
            ],
            [
              -46.2958798,
              -23.7877182
            ],
            [
              -46.2955038,
              -23.7873706
            ],
            [
              -46.2951529,
              -23.7869622
            ],
            [
              -46.2950027,
              -23.7864444
            ],
            [
              -46.2949222,
              -23.7859535
            ],
            [
              -46.2938494,
              -23.7846772
            ],
            [
              -46.2928731,
              -23.7835776
            ],
            [
              -46.292578,
              -23.7829886
            ],
            [
              -46.2923768,
              -23.7827603
            ],
            [
              -46.29165,
              -23.7822277
            ],
            [
              -46.2910169,
              -23.7815601
            ],
            [
              -46.290164,
              -23.7811772
            ],
            [
              -46.2893217,
              -23.7805145
            ],
            [
              -46.288957,
              -23.7803427
            ],
            [
              -46.2883588,
              -23.780139
            ],
            [
              -46.2878519,
              -23.7797069
            ],
            [
              -46.28762,
              -23.7790688
            ],
            [
              -46.2869936,
              -23.7782826
            ],
            [
              -46.2867039,
              -23.7780894
            ],
            [
              -46.2864169,
              -23.7779888
            ],
            [
              -46.2860227,
              -23.778006
            ],
            [
              -46.2854969,
              -23.77806
            ],
            [
              -46.285159,
              -23.7779127
            ],
            [
              -46.2848264,
              -23.7776378
            ],
            [
              -46.2843221,
              -23.7774856
            ],
            [
              -46.2839467,
              -23.777358
            ],
            [
              -46.2836248,
              -23.7771469
            ],
            [
              -46.2833995,
              -23.776543
            ],
            [
              -46.282981,
              -23.7756545
            ],
            [
              -46.2825305,
              -23.7751096
            ],
            [
              -46.2814093,
              -23.7743143
            ],
            [
              -46.280626,
              -23.7737203
            ],
            [
              -46.28039,
              -23.7734356
            ],
            [
              -46.2797312,
              -23.7722596
            ],
            [
              -46.2790301,
              -23.7714816
            ],
            [
              -46.2788531,
              -23.7711209
            ],
            [
              -46.2787776,
              -23.7709109
            ],
            [
              -46.2787337,
              -23.7707615
            ],
            [
              -46.2786318,
              -23.7704519
            ],
            [
              -46.2786211,
              -23.7702654
            ],
            [
              -46.2786855,
              -23.7700899
            ],
            [
              -46.2787552,
              -23.7699181
            ],
            [
              -46.2788286,
              -23.7697857
            ],
            [
              -46.2790301,
              -23.7696603
            ],
            [
              -46.2801218,
              -23.7692725
            ],
            [
              -46.2805805,
              -23.7689288
            ],
            [
              -46.2814307,
              -23.7680549
            ],
            [
              -46.2817419,
              -23.7678684
            ],
            [
              -46.282104,
              -23.7679617
            ],
            [
              -46.2823186,
              -23.7679224
            ],
            [
              -46.2826002,
              -23.7676941
            ],
            [
              -46.2830561,
              -23.7674732
            ],
            [
              -46.2836731,
              -23.7667196
            ],
            [
              -46.283834,
              -23.7663759
            ],
            [
              -46.2837911,
              -23.7659831
            ],
            [
              -46.2836731,
              -23.7655364
            ],
            [
              -46.2834102,
              -23.765151
            ],
            [
              -46.2833512,
              -23.7650013
            ],
            [
              -46.2833377,
              -23.7647753
            ],
            [
              -46.2834907,
              -23.764579
            ],
            [
              -46.2840699,
              -23.7641527
            ],
            [
              -46.2841763,
              -23.7640744
            ],
            [
              -46.2846521,
              -23.7635431
            ],
            [
              -46.2848774,
              -23.7632461
            ],
            [
              -46.2850916,
              -23.7628528
            ],
            [
              -46.2851027,
              -23.7626274
            ],
            [
              -46.2850893,
              -23.7620358
            ],
            [
              -46.2849712,
              -23.7618493
            ],
            [
              -46.2846306,
              -23.7616136
            ],
            [
              -46.2844515,
              -23.7614655
            ],
            [
              -46.2843704,
              -23.7612306
            ],
            [
              -46.2844294,
              -23.7609458
            ],
            [
              -46.2847513,
              -23.76045
            ],
            [
              -46.2849927,
              -23.7599492
            ],
            [
              -46.2850598,
              -23.7597258
            ],
            [
              -46.2851134,
              -23.7594337
            ],
            [
              -46.285108,
              -23.7587038
            ],
            [
              -46.285116,
              -23.7585303
            ],
            [
              -46.285159,
              -23.7584198
            ],
            [
              -46.2852931,
              -23.7583093
            ],
            [
              -46.2854648,
              -23.7582553
            ],
            [
              -46.2855747,
              -23.7581965
            ],
            [
              -46.2856565,
              -23.7580477
            ],
            [
              -46.2856365,
              -23.7578086
            ],
            [
              -46.2856632,
              -23.7576539
            ],
            [
              -46.2857437,
              -23.7575508
            ],
            [
              -46.2860736,
              -23.7574796
            ],
            [
              -46.2862533,
              -23.7573937
            ],
            [
              -46.2863338,
              -23.7571727
            ],
            [
              -46.2864304,
              -23.7567284
            ],
            [
              -46.2865752,
              -23.7564485
            ],
            [
              -46.2867371,
              -23.7562815
            ],
            [
              -46.2879753,
              -23.7550639
            ],
            [
              -46.2883616,
              -23.7545337
            ],
            [
              -46.2886673,
              -23.7544011
            ],
            [
              -46.2893538,
              -23.7542439
            ],
            [
              -46.2899226,
              -23.7535271
            ],
            [
              -46.2905878,
              -23.7530705
            ],
            [
              -46.2909311,
              -23.7523634
            ],
            [
              -46.2911618,
              -23.7522014
            ],
            [
              -46.2921059,
              -23.7521965
            ],
            [
              -46.2924814,
              -23.7520983
            ],
            [
              -46.2926665,
              -23.7518209
            ],
            [
              -46.2927228,
              -23.7515434
            ],
            [
              -46.2933827,
              -23.7506744
            ],
            [
              -46.2940429,
              -23.7497169
            ],
            [
              -46.2955821,
              -23.7491424
            ],
            [
              -46.2961829,
              -23.7488085
            ],
            [
              -46.2974274,
              -23.7498691
            ],
            [
              -46.2984788,
              -23.7516024
            ],
            [
              -46.2990153,
              -23.7515975
            ],
            [
              -46.2994874,
              -23.7515042
            ],
            [
              -46.2998307,
              -23.7511016
            ],
            [
              -46.3006675,
              -23.7507726
            ],
            [
              -46.3026974,
              -23.7508429
            ],
            [
              -46.3031459,
              -23.7505565
            ],
            [
              -46.3067079,
              -23.7479247
            ],
            [
              -46.3090682,
              -23.7480131
            ],
            [
              -46.3099694,
              -23.747473
            ],
            [
              -46.3111711,
              -23.7472569
            ],
            [
              -46.3117612,
              -23.7474337
            ],
            [
              -46.3122869,
              -23.7478854
            ],
            [
              -46.3129091,
              -23.7459802
            ],
            [
              -46.3133276,
              -23.7455776
            ],
            [
              -46.3141108,
              -23.7453321
            ],
            [
              -46.3147403,
              -23.7439018
            ],
            [
              -46.3150764,
              -23.7437313
            ],
            [
              -46.3165677,
              -23.744792
            ],
            [
              -46.3175976,
              -23.7449589
            ],
            [
              -46.3178176,
              -23.7453517
            ],
            [
              -46.317839,
              -23.7461079
            ],
            [
              -46.3179946,
              -23.7462749
            ],
            [
              -46.3186276,
              -23.7462847
            ],
            [
              -46.3191372,
              -23.7460736
            ],
            [
              -46.3191748,
              -23.7458354
            ],
            [
              -46.3192928,
              -23.7455727
            ],
            [
              -46.3198989,
              -23.7453321
            ],
            [
              -46.3203603,
              -23.7455285
            ],
            [
              -46.3207948,
              -23.7453566
            ],
            [
              -46.3212454,
              -23.7453714
            ],
            [
              -46.3222647,
              -23.7446152
            ],
            [
              -46.3222754,
              -23.7442813
            ],
            [
              -46.3221145,
              -23.743967
            ],
            [
              -46.321764,
              -23.7438625
            ],
            [
              -46.3210094,
              -23.7437313
            ],
            [
              -46.3187671,
              -23.7417082
            ],
            [
              -46.3180804,
              -23.7408195
            ],
            [
              -46.3179677,
              -23.7404798
            ],
            [
              -46.3171256,
              -23.7396409
            ],
            [
              -46.3170451,
              -23.739145
            ],
            [
              -46.3171631,
              -23.7386245
            ],
            [
              -46.3170934,
              -23.7380892
            ],
            [
              -46.3168315,
              -23.7375745
            ],
            [
              -46.3170075,
              -23.7373428
            ],
            [
              -46.3187081,
              -23.7366209
            ],
            [
              -46.3190196,
              -23.7363681
            ],
            [
              -46.3192102,
              -23.7360001
            ],
            [
              -46.3193695,
              -23.7359649
            ],
            [
              -46.3199687,
              -23.7363067
            ],
            [
              -46.3205105,
              -23.7364736
            ],
            [
              -46.3210309,
              -23.7358647
            ],
            [
              -46.322093,
              -23.735354
            ],
            [
              -46.3227797,
              -23.7349808
            ],
            [
              -46.3240564,
              -23.7336156
            ],
            [
              -46.3242924,
              -23.7327906
            ],
            [
              -46.3241744,
              -23.7323977
            ],
            [
              -46.3245821,
              -23.7308656
            ],
            [
              -46.3254511,
              -23.7303401
            ],
            [
              -46.3265669,
              -23.7299276
            ],
            [
              -46.3275004,
              -23.7292057
            ],
            [
              -46.3276974,
              -23.7281915
            ],
            [
              -46.3287878,
              -23.7277422
            ],
            [
              -46.3294745,
              -23.7280762
            ],
            [
              -46.3298822,
              -23.7276391
            ],
            [
              -46.3303113,
              -23.7273592
            ],
            [
              -46.3310516,
              -23.7271284
            ],
            [
              -46.3314164,
              -23.7271235
            ],
            [
              -46.3329184,
              -23.7272708
            ],
            [
              -46.3336373,
              -23.7271333
            ],
            [
              -46.3349271,
              -23.7259429
            ],
            [
              -46.3359547,
              -23.7262002
            ],
            [
              -46.3366306,
              -23.7259154
            ],
            [
              -46.3373709,
              -23.7261707
            ],
            [
              -46.3371134,
              -23.7271137
            ],
            [
              -46.3378215,
              -23.7277815
            ],
            [
              -46.3377249,
              -23.7293727
            ],
            [
              -46.3379395,
              -23.7303745
            ],
            [
              -46.337843,
              -23.7320245
            ],
            [
              -46.3393879,
              -23.7319852
            ],
            [
              -46.3400209,
              -23.7323683
            ],
            [
              -46.3406003,
              -23.7324665
            ],
            [
              -46.3414479,
              -23.7333602
            ],
            [
              -46.3413483,
              -23.734585
            ],
            [
              -46.3423276,
              -23.7347451
            ],
            [
              -46.3440335,
              -23.7357665
            ],
            [
              -46.3449025,
              -23.7359531
            ],
            [
              -46.3451815,
              -23.7367584
            ],
            [
              -46.3455105,
              -23.7369902
            ],
            [
              -46.3474989,
              -23.7366406
            ],
            [
              -46.3496018,
              -23.7369352
            ],
            [
              -46.3497627,
              -23.7366602
            ],
            [
              -46.34987,
              -23.7359531
            ],
            [
              -46.3500738,
              -23.7358303
            ],
            [
              -46.3503219,
              -23.7358446
            ],
            [
              -46.3516295,
              -23.7367977
            ],
            [
              -46.3531637,
              -23.7370138
            ],
            [
              -46.3535071,
              -23.737495
            ],
            [
              -46.354124,
              -23.7377234
            ],
            [
              -46.3546658,
              -23.7381334
            ],
            [
              -46.3550735,
              -23.7388651
            ],
            [
              -46.3554812,
              -23.7395427
            ],
            [
              -46.3556474,
              -23.7396606
            ],
            [
              -46.3559371,
              -23.7397048
            ],
            [
              -46.3570261,
              -23.7394887
            ],
            [
              -46.36,
              -23.74
            ],
            [
              -46.3605774,
              -23.7406672
            ],
            [
              -46.3613498,
              -23.7420127
            ],
            [
              -46.3615859,
              -23.7431421
            ],
            [
              -46.3608348,
              -23.7432108
            ],
            [
              -46.3601482,
              -23.7437215
            ],
            [
              -46.3585818,
              -23.7454205
            ],
            [
              -46.3597113,
              -23.7485418
            ],
            [
              -46.3599669,
              -23.7490197
            ],
            [
              -46.3602823,
              -23.7494419
            ],
            [
              -46.3607222,
              -23.74982
            ],
            [
              -46.3611031,
              -23.7503503
            ],
            [
              -46.3614184,
              -23.7505205
            ],
            [
              -46.3620955,
              -23.7506007
            ],
            [
              -46.3628304,
              -23.7504976
            ],
            [
              -46.3636458,
              -23.7512734
            ],
            [
              -46.3642466,
              -23.7525697
            ],
            [
              -46.3648796,
              -23.7529379
            ],
            [
              -46.3654268,
              -23.7534338
            ],
            [
              -46.3657389,
              -23.7534226
            ],
            [
              -46.3664997,
              -23.7536008
            ],
            [
              -46.3673687,
              -23.7527661
            ],
            [
              -46.3680447,
              -23.7518037
            ],
            [
              -46.3684952,
              -23.7522137
            ],
            [
              -46.3690907,
              -23.7530852
            ],
            [
              -46.3692731,
              -23.7536941
            ],
            [
              -46.3698015,
              -23.7539362
            ],
            [
              -46.3701528,
              -23.7537824
            ],
            [
              -46.3703942,
              -23.7537922
            ],
            [
              -46.3708341,
              -23.754023
            ],
            [
              -46.3710648,
              -23.753122
            ],
            [
              -46.3712043,
              -23.7523168
            ],
            [
              -46.3713911,
              -23.7522382
            ],
            [
              -46.3717324,
              -23.752335
            ],
            [
              -46.3727117,
              -23.7525795
            ],
            [
              -46.3730228,
              -23.7538659
            ],
            [
              -46.3729423,
              -23.7541654
            ],
            [
              -46.3729852,
              -23.7545189
            ],
            [
              -46.3731837,
              -23.754789
            ],
            [
              -46.3735056,
              -23.7547841
            ],
            [
              -46.3742674,
              -23.7551229
            ],
            [
              -46.3742459,
              -23.7552554
            ],
            [
              -46.3737846,
              -23.7557709
            ],
            [
              -46.3738167,
              -23.7559968
            ],
            [
              -46.3744927,
              -23.7566793
            ],
            [
              -46.3746911,
              -23.7572292
            ],
            [
              -46.3748574,
              -23.7579362
            ],
            [
              -46.3750894,
              -23.7579779
            ],
            [
              -46.3754405,
              -23.7579469
            ],
            [
              -46.3757747,
              -23.758108
            ],
            [
              -46.3760698,
              -23.7583388
            ],
            [
              -46.376338,
              -23.7587758
            ],
            [
              -46.3764023,
              -23.7591375
            ],
            [
              -46.3766706,
              -23.7593306
            ],
            [
              -46.3769817,
              -23.7597725
            ],
            [
              -46.377089,
              -23.7599099
            ],
            [
              -46.377486,
              -23.7602291
            ],
            [
              -46.3784838,
              -23.76045
            ],
            [
              -46.3799939,
              -23.7609877
            ],
            [
              -46.3821638,
              -23.7606611
            ],
            [
              -46.383816,
              -23.7606022
            ],
            [
              -46.3847703,
              -23.7611049
            ],
            [
              -46.3849855,
              -23.761427
            ],
            [
              -46.384905,
              -23.7619376
            ],
            [
              -46.3851142,
              -23.762134
            ],
            [
              -46.3858116,
              -23.7620407
            ],
            [
              -46.3865626,
              -23.7620358
            ],
            [
              -46.3867664,
              -23.7624482
            ],
            [
              -46.386981,
              -23.7632141
            ],
            [
              -46.3871688,
              -23.7633074
            ],
            [
              -46.3877159,
              -23.7641077
            ],
            [
              -46.3879681,
              -23.7641764
            ],
            [
              -46.3883543,
              -23.7637247
            ],
            [
              -46.388585,
              -23.7630325
            ],
            [
              -46.3886654,
              -23.7630079
            ],
            [
              -46.3888371,
              -23.7634694
            ],
            [
              -46.3891375,
              -23.7639506
            ],
            [
              -46.389792,
              -23.764147
            ],
            [
              -46.3906567,
              -23.7638429
            ],
            [
              -46.3914871,
              -23.7635382
            ],
            [
              -46.3919485,
              -23.7635774
            ],
            [
              -46.3921952,
              -23.7637935
            ],
            [
              -46.3925386,
              -23.764579
            ],
            [
              -46.3929892,
              -23.7650847
            ],
            [
              -46.3934827,
              -23.7655118
            ],
            [
              -46.3944805,
              -23.7656984
            ],
            [
              -46.3948023,
              -23.7664643
            ],
            [
              -46.3962101,
              -23.7676858
            ],
            [
              -46.396519,
              -23.7677996
            ],
            [
              -46.3970769,
              -23.7676131
            ],
            [
              -46.3971359,
              -23.7674412
            ],
            [
              -46.3971037,
              -23.76724
            ],
            [
              -46.3970983,
              -23.7670043
            ],
            [
              -46.3974524,
              -23.7667883
            ],
            [
              -46.3985579,
              -23.7668984
            ],
            [
              -46.3990939,
              -23.7665526
            ],
            [
              -46.3999939,
              -23.7665416
            ],
            [
              -46.4004854,
              -23.7669698
            ],
            [
              -46.4005798,
              -23.7671025
            ],
            [
              -46.4011055,
              -23.7679027
            ],
            [
              -46.4012772,
              -23.7680451
            ],
            [
              -46.4014864,
              -23.7681138
            ],
            [
              -46.4030743,
              -23.7680844
            ],
            [
              -46.4039969,
              -23.7681875
            ],
            [
              -46.4051771,
              -23.7686342
            ],
            [
              -46.4072049,
              -23.7703623
            ],
            [
              -46.4075697,
              -23.77022
            ],
            [
              -46.4090073,
              -23.7691645
            ],
            [
              -46.40937,
              -23.7690649
            ],
            [
              -46.4098656,
              -23.7690417
            ],
            [
              -46.4101526,
              -23.7690368
            ],
            [
              -46.4104879,
              -23.7691105
            ],
            [
              -46.4112228,
              -23.7696407
            ],
            [
              -46.4119095,
              -23.7698174
            ],
            [
              -46.4123869,
              -23.7700874
            ],
            [
              -46.4127703,
              -23.7700869
            ],
            [
              -46.4131969,
              -23.7697978
            ],
            [
              -46.4135081,
              -23.7693216
            ],
            [
              -46.4141786,
              -23.7691006
            ],
            [
              -46.4145273,
              -23.7691203
            ],
            [
              -46.4148176,
              -23.7691915
            ],
            [
              -46.41523,
              -23.7694688
            ],
            [
              -46.4154661,
              -23.7697192
            ],
            [
              -46.4155197,
              -23.7699991
            ],
            [
              -46.4152177,
              -23.7715631
            ],
            [
              -46.4151818,
              -23.772142
            ],
            [
              -46.4152408,
              -23.7723801
            ],
            [
              -46.4156216,
              -23.7729986
            ],
            [
              -46.4158631,
              -23.7732481
            ],
            [
              -46.4160776,
              -23.7730674
            ],
            [
              -46.416378,
              -23.7726304
            ],
            [
              -46.4170003,
              -23.7721101
            ],
            [
              -46.4182019,
              -23.7730821
            ],
            [
              -46.4190924,
              -23.7732392
            ],
            [
              -46.4196074,
              -23.7728464
            ],
            [
              -46.4200151,
              -23.7724537
            ],
            [
              -46.4200473,
              -23.7719137
            ],
            [
              -46.4202619,
              -23.7715749
            ],
            [
              -46.420573,
              -23.771246
            ],
            [
              -46.4211287,
              -23.7711341
            ],
            [
              -46.421544,
              -23.7713589
            ],
            [
              -46.421957,
              -23.7717468
            ],
            [
              -46.4221394,
              -23.7728514
            ],
            [
              -46.4228582,
              -23.773411
            ],
            [
              -46.423384,
              -23.7725224
            ],
            [
              -46.424312,
              -23.7719284
            ],
            [
              -46.4245588,
              -23.7723702
            ],
            [
              -46.42465,
              -23.7728563
            ],
            [
              -46.4250684,
              -23.7737939
            ],
            [
              -46.4255834,
              -23.7740836
            ],
            [
              -46.4261609,
              -23.7741473
            ],
            [
              -46.4263344,
              -23.7737988
            ],
            [
              -46.4259803,
              -23.7722868
            ],
            [
              -46.4260662,
              -23.7721199
            ],
            [
              -46.4268225,
              -23.7721592
            ],
            [
              -46.4271551,
              -23.7720904
            ],
            [
              -46.4272423,
              -23.7720057
            ],
            [
              -46.4272517,
              -23.771899
            ],
            [
              -46.4269352,
              -23.7716486
            ],
            [
              -46.4260018,
              -23.7697339
            ],
            [
              -46.4260085,
              -23.7692013
            ],
            [
              -46.4261842,
              -23.7679567
            ],
            [
              -46.4262646,
              -23.76778
            ],
            [
              -46.4263436,
              -23.767713
            ],
            [
              -46.4265007,
              -23.7676769
            ],
            [
              -46.4269164,
              -23.7676057
            ],
            [
              -46.4278695,
              -23.7674386
            ],
            [
              -46.4279424,
              -23.7674032
            ],
            [
              -46.4280349,
              -23.7672694
            ],
            [
              -46.4281261,
              -23.7669945
            ],
            [
              -46.4282763,
              -23.7667392
            ],
            [
              -46.4290751,
              -23.7659721
            ],
            [
              -46.4294136,
              -23.7658506
            ],
            [
              -46.4296871,
              -23.7656002
            ],
            [
              -46.4303041,
              -23.7654136
            ],
            [
              -46.430701,
              -23.7654185
            ],
            [
              -46.431098,
              -23.76561
            ],
            [
              -46.431157,
              -23.7659242
            ],
            [
              -46.4311194,
              -23.7661795
            ],
            [
              -46.4311892,
              -23.7664348
            ],
            [
              -46.4313286,
              -23.7665576
            ],
            [
              -46.4315057,
              -23.7665919
            ],
            [
              -46.4317256,
              -23.7665232
            ],
            [
              -46.4322996,
              -23.7664643
            ],
            [
              -46.4326429,
              -23.7665183
            ],
            [
              -46.4328897,
              -23.7666508
            ],
            [
              -46.4330829,
              -23.7671663
            ],
            [
              -46.4330828,
              -23.7674511
            ],
            [
              -46.4331687,
              -23.7677014
            ],
            [
              -46.4334852,
              -23.7678144
            ],
            [
              -46.4344132,
              -23.7679469
            ],
            [
              -46.4348048,
              -23.7680697
            ],
            [
              -46.4353304,
              -23.7684026
            ],
            [
              -46.4364678,
              -23.7681089
            ],
            [
              -46.4371973,
              -23.7679567
            ],
            [
              -46.4383078,
              -23.767186
            ],
            [
              -46.439091,
              -23.7671123
            ],
            [
              -46.4393914,
              -23.7664912
            ],
            [
              -46.439504,
              -23.7663391
            ],
            [
              -46.4397535,
              -23.7662409
            ],
            [
              -46.4401824,
              -23.7660638
            ],
            [
              -46.4403757,
              -23.7663194
            ],
            [
              -46.4404804,
              -23.7666017
            ],
            [
              -46.4405823,
              -23.7667736
            ],
            [
              -46.4408075,
              -23.7669416
            ],
            [
              -46.4409739,
              -23.7670657
            ],
            [
              -46.4413307,
              -23.7674838
            ],
            [
              -46.4418805,
              -23.7689043
            ],
            [
              -46.4420805,
              -23.7690883
            ],
            [
              -46.442315,
              -23.7691448
            ],
            [
              -46.4429319,
              -23.7689681
            ],
            [
              -46.443935,
              -23.7687619
            ],
            [
              -46.4441818,
              -23.7688061
            ],
            [
              -46.4443642,
              -23.7691595
            ],
            [
              -46.4443052,
              -23.7695032
            ],
            [
              -46.4443749,
              -23.769896
            ],
            [
              -46.4443159,
              -23.7703329
            ],
            [
              -46.4445144,
              -23.7707404
            ],
            [
              -46.4446753,
              -23.7707306
            ],
            [
              -46.4450187,
              -23.7704458
            ],
            [
              -46.4456409,
              -23.7702642
            ],
            [
              -46.445995,
              -23.7702298
            ],
            [
              -46.4464909,
              -23.7699607
            ],
            [
              -46.4474702,
              -23.7695179
            ],
            [
              -46.4477277,
              -23.7694885
            ],
            [
              -46.4480388,
              -23.7695965
            ],
            [
              -46.4487577,
              -23.7701561
            ],
            [
              -46.4491546,
              -23.770274
            ],
            [
              -46.4503563,
              -23.7705489
            ],
            [
              -46.4506996,
              -23.7704605
            ],
            [
              -46.4509981,
              -23.7702596
            ],
            [
              -46.4514613,
              -23.769783
            ],
            [
              -46.45181,
              -23.7696947
            ],
            [
              -46.4523089,
              -23.7697683
            ],
            [
              -46.4530652,
              -23.7696898
            ],
            [
              -46.4534462,
              -23.7694787
            ],
            [
              -46.4537895,
              -23.7689386
            ],
            [
              -46.4549053,
              -23.7676229
            ],
            [
              -46.4556402,
              -23.7672056
            ],
            [
              -46.4563161,
              -23.767024
            ],
            [
              -46.456815,
              -23.7672743
            ],
            [
              -46.4574168,
              -23.767667
            ],
            [
              -46.4574601,
              -23.7674682
            ],
            [
              -46.4574158,
              -23.7663587
            ],
            [
              -46.4573052,
              -23.7659322
            ],
            [
              -46.4572871,
              -23.7655732
            ],
            [
              -46.4573166,
              -23.7653523
            ],
            [
              -46.4574158,
              -23.7651338
            ],
            [
              -46.4582098,
              -23.764417
            ],
            [
              -46.4583814,
              -23.7641077
            ],
            [
              -46.4577001,
              -23.7635333
            ],
            [
              -46.4570189,
              -23.7631159
            ],
            [
              -46.4565629,
              -23.7626888
            ],
            [
              -46.4562196,
              -23.7621929
            ],
            [
              -46.4559299,
              -23.7618934
            ],
            [
              -46.4550018,
              -23.7612208
            ],
            [
              -46.4544976,
              -23.7606414
            ],
            [
              -46.454334,
              -23.7599418
            ],
            [
              -46.4539504,
              -23.7595859
            ],
            [
              -46.4537117,
              -23.7595736
            ],
            [
              -46.4532316,
              -23.7596497
            ],
            [
              -46.4530385,
              -23.7595221
            ],
            [
              -46.4531162,
              -23.7593429
            ],
            [
              -46.4533711,
              -23.7590949
            ],
            [
              -46.4535534,
              -23.7587561
            ],
            [
              -46.4533174,
              -23.7583609
            ],
            [
              -46.4532289,
              -23.7581031
            ],
            [
              -46.4532235,
              -23.7579141
            ],
            [
              -46.4533326,
              -23.7577741
            ],
            [
              -46.4535025,
              -23.7576686
            ],
            [
              -46.4537519,
              -23.7576097
            ],
            [
              -46.4539585,
              -23.7576195
            ],
            [
              -46.4543474,
              -23.7577582
            ],
            [
              -46.4545351,
              -23.7577975
            ],
            [
              -46.4546773,
              -23.7577705
            ],
            [
              -46.4547148,
              -23.7577263
            ],
            [
              -46.4547534,
              -23.7576794
            ],
            [
              -46.4548342,
              -23.7573323
            ],
            [
              -46.4549267,
              -23.7570721
            ],
            [
              -46.4550689,
              -23.7568806
            ],
            [
              -46.4552969,
              -23.7565909
            ],
            [
              -46.4565146,
              -23.7560263
            ],
            [
              -46.4567345,
              -23.7560999
            ],
            [
              -46.4570618,
              -23.7563601
            ],
            [
              -46.4577592,
              -23.7562325
            ],
            [
              -46.458132,
              -23.7559379
            ],
            [
              -46.4582339,
              -23.7556458
            ],
            [
              -46.4582044,
              -23.7553438
            ],
            [
              -46.4578557,
              -23.7547104
            ],
            [
              -46.4570693,
              -23.7539893
            ],
            [
              -46.4564824,
              -23.7531785
            ],
            [
              -46.4562786,
              -23.7527611
            ],
            [
              -46.4562249,
              -23.7525206
            ],
            [
              -46.4562571,
              -23.7520516
            ],
            [
              -46.4563134,
              -23.7519191
            ],
            [
              -46.4565039,
              -23.7518332
            ],
            [
              -46.4570081,
              -23.7516711
            ],
            [
              -46.4575553,
              -23.751185
            ],
            [
              -46.4584351,
              -23.7507137
            ],
            [
              -46.4597333,
              -23.7504485
            ],
            [
              -46.460039,
              -23.7498691
            ],
            [
              -46.4600927,
              -23.7494665
            ],
            [
              -46.4604092,
              -23.74873
            ],
            [
              -46.460838,
              -23.7480608
            ],
            [
              -46.461246,
              -23.7474239
            ],
            [
              -46.4632845,
              -23.7449785
            ],
            [
              -46.4666104,
              -23.7414725
            ],
            [
              -46.4668503,
              -23.7413523
            ],
            [
              -46.4692094,
              -23.7401702
            ],
            [
              -46.4715886,
              -23.738978
            ],
            [
              -46.4724269,
              -23.7383634
            ],
            [
              -46.4728278,
              -23.7370285
            ],
            [
              -46.4725381,
              -23.7349955
            ],
            [
              -46.4706928,
              -23.7352754
            ],
            [
              -46.4701959,
              -23.7351757
            ],
            [
              -46.4699123,
              -23.7350053
            ],
            [
              -46.4696521,
              -23.7347353
            ],
            [
              -46.4694804,
              -23.7344504
            ],
            [
              -46.4693087,
              -23.7328937
            ],
            [
              -46.4689815,
              -23.7324567
            ],
            [
              -46.4689601,
              -23.7315629
            ],
            [
              -46.4699471,
              -23.7297459
            ],
            [
              -46.4691639,
              -23.7288423
            ],
            [
              -46.4692175,
              -23.7282726
            ],
            [
              -46.4699686,
              -23.7278601
            ],
            [
              -46.4699149,
              -23.7265538
            ],
            [
              -46.4692175,
              -23.725827
            ],
            [
              -46.4694162,
              -23.7239766
            ],
            [
              -46.4704245,
              -23.7237741
            ],
            [
              -46.4712024,
              -23.7228705
            ],
            [
              -46.4717764,
              -23.7225562
            ],
            [
              -46.4726776,
              -23.722453
            ],
            [
              -46.4732194,
              -23.7221584
            ],
            [
              -46.4731336,
              -23.7212793
            ],
            [
              -46.473847,
              -23.7208422
            ],
            [
              -46.4743245,
              -23.7202872
            ],
            [
              -46.4744586,
              -23.7198108
            ],
            [
              -46.4745015,
              -23.7191576
            ],
            [
              -46.4749887,
              -23.7182364
            ],
            [
              -46.47551,
              -23.7187058
            ],
            [
              -46.4764192,
              -23.7193688
            ],
            [
              -46.4768109,
              -23.7195653
            ],
            [
              -46.4773473,
              -23.719607
            ],
            [
              -46.4792275,
              -23.7194523
            ],
            [
              -46.4795762,
              -23.7192141
            ],
            [
              -46.4800678,
              -23.71867
            ],
            [
              -46.4806223,
              -23.7184406
            ],
            [
              -46.4812151,
              -23.71847
            ],
            [
              -46.4817007,
              -23.7179638
            ],
            [
              -46.4822339,
              -23.7176441
            ],
            [
              -46.4826008,
              -23.7172811
            ],
            [
              -46.4838636,
              -23.7166298
            ],
            [
              -46.4843239,
              -23.7161574
            ],
            [
              -46.4841137,
              -23.715514
            ],
            [
              -46.482868,
              -23.7140927
            ],
            [
              -46.4833796,
              -23.7138042
            ],
            [
              -46.4837253,
              -23.7134266
            ],
            [
              -46.4833175,
              -23.7125887
            ],
            [
              -46.483283,
              -23.7116874
            ],
            [
              -46.4834547,
              -23.7115425
            ],
            [
              -46.4836909,
              -23.7113982
            ],
            [
              -46.4840125,
              -23.711312
            ],
            [
              -46.4846415,
              -23.7112715
            ],
            [
              -46.4849826,
              -23.7114041
            ],
            [
              -46.4854612,
              -23.7114257
            ],
            [
              -46.4863227,
              -23.7111153
            ],
            [
              -46.4872303,
              -23.7115013
            ],
            [
              -46.4883655,
              -23.7116182
            ],
            [
              -46.4896023,
              -23.7115204
            ],
            [
              -46.489937,
              -23.7114462
            ],
            [
              -46.4901495,
              -23.7111815
            ],
            [
              -46.4904705,
              -23.7104788
            ],
            [
              -46.4910037,
              -23.7098515
            ],
            [
              -46.4917186,
              -23.7092045
            ],
            [
              -46.4917722,
              -23.708372
            ],
            [
              -46.4916623,
              -23.7081043
            ],
            [
              -46.4911249,
              -23.7077597
            ],
            [
              -46.4895348,
              -23.7070805
            ],
            [
              -46.4892885,
              -23.7068568
            ],
            [
              -46.4892426,
              -23.7066358
            ],
            [
              -46.490103,
              -23.7060022
            ],
            [
              -46.4906028,
              -23.705565
            ],
            [
              -46.4909264,
              -23.7048902
            ],
            [
              -46.4910756,
              -23.7035532
            ],
            [
              -46.4909125,
              -23.7020796
            ],
            [
              -46.4906045,
              -23.7014725
            ],
            [
              -46.4904115,
              -23.7006002
            ],
            [
              -46.4903728,
              -23.6997661
            ],
            [
              -46.4907606,
              -23.6990454
            ],
            [
              -46.4911759,
              -23.698516
            ],
            [
              -46.4912666,
              -23.6982953
            ],
            [
              -46.4912761,
              -23.6981332
            ],
            [
              -46.4912382,
              -23.6979797
            ],
            [
              -46.4907502,
              -23.6973573
            ],
            [
              -46.4898376,
              -23.6961455
            ],
            [
              -46.4897659,
              -23.6959842
            ],
            [
              -46.4898115,
              -23.6956231
            ],
            [
              -46.4897686,
              -23.6953456
            ],
            [
              -46.4894349,
              -23.6950639
            ],
            [
              -46.4888108,
              -23.6947931
            ],
            [
              -46.488567,
              -23.6944909
            ],
            [
              -46.4880425,
              -23.6941536
            ],
            [
              -46.48751,
              -23.6939387
            ],
            [
              -46.4863484,
              -23.6939285
            ],
            [
              -46.4860952,
              -23.6938215
            ],
            [
              -46.4859277,
              -23.6936116
            ],
            [
              -46.4858314,
              -23.6933695
            ],
            [
              -46.4857989,
              -23.6929193
            ],
            [
              -46.4859783,
              -23.692109
            ],
            [
              -46.486032,
              -23.6918524
            ],
            [
              -46.4860955,
              -23.6915847
            ],
            [
              -46.4861038,
              -23.6906746
            ],
            [
              -46.4860448,
              -23.6900655
            ],
            [
              -46.4855951,
              -23.6889842
            ],
            [
              -46.4850104,
              -23.6885224
            ],
            [
              -46.4840716,
              -23.6880852
            ],
            [
              -46.4832053,
              -23.687476
            ],
            [
              -46.4830309,
              -23.6872869
            ],
            [
              -46.4830236,
              -23.6870203
            ],
            [
              -46.4833289,
              -23.6860269
            ],
            [
              -46.4833877,
              -23.685737
            ],
            [
              -46.4834624,
              -23.6854313
            ],
            [
              -46.4834735,
              -23.6851451
            ],
            [
              -46.4832857,
              -23.6849093
            ],
            [
              -46.4828926,
              -23.6845829
            ],
            [
              -46.4825869,
              -23.6840241
            ],
            [
              -46.482014,
              -23.6835604
            ],
            [
              -46.4815495,
              -23.6829179
            ],
            [
              -46.4814524,
              -23.6823995
            ],
            [
              -46.4814158,
              -23.6822468
            ],
            [
              -46.4811654,
              -23.6820635
            ],
            [
              -46.4809468,
              -23.681829
            ],
            [
              -46.4805579,
              -23.681043
            ],
            [
              -46.4803392,
              -23.6808029
            ],
            [
              -46.4803451,
              -23.6803514
            ],
            [
              -46.48053,
              -23.6797792
            ],
            [
              -46.4805924,
              -23.6795856
            ],
            [
              -46.4806156,
              -23.6792892
            ],
            [
              -46.4806739,
              -23.6790186
            ],
            [
              -46.4807437,
              -23.6782516
            ],
            [
              -46.480745,
              -23.6774696
            ],
            [
              -46.4806852,
              -23.6769924
            ],
            [
              -46.4807141,
              -23.6766453
            ],
            [
              -46.4809346,
              -23.6757003
            ],
            [
              -46.4810045,
              -23.6751404
            ],
            [
              -46.4810166,
              -23.6747399
            ],
            [
              -46.4810514,
              -23.6745937
            ],
            [
              -46.4811563,
              -23.6741537
            ],
            [
              -46.4810452,
              -23.673743
            ],
            [
              -46.4811561,
              -23.6734821
            ],
            [
              -46.4813042,
              -23.6729893
            ],
            [
              -46.4814024,
              -23.6725305
            ],
            [
              -46.4817288,
              -23.6718678
            ],
            [
              -46.4818244,
              -23.6716857
            ],
            [
              -46.4821507,
              -23.6713592
            ],
            [
              -46.4823168,
              -23.671215
            ],
            [
              -46.4825878,
              -23.6707754
            ],
            [
              -46.4826988,
              -23.6706954
            ],
            [
              -46.4829999,
              -23.6705276
            ],
            [
              -46.4831638,
              -23.6703946
            ],
            [
              -46.483359,
              -23.6703461
            ],
            [
              -46.4836871,
              -23.6701886
            ],
            [
              -46.4838843,
              -23.6701736
            ],
            [
              -46.4841246,
              -23.670246
            ],
            [
              -46.4843291,
              -23.6701878
            ],
            [
              -46.4846557,
              -23.6698729
            ],
            [
              -46.484811,
              -23.6696962
            ],
            [
              -46.4851653,
              -23.6694982
            ],
            [
              -46.4852378,
              -23.6693803
            ],
            [
              -46.4852615,
              -23.6692186
            ],
            [
              -46.4854017,
              -23.66807
            ],
            [
              -46.4854496,
              -23.667797
            ],
            [
              -46.4857487,
              -23.6671819
            ],
            [
              -46.4859191,
              -23.6667574
            ],
            [
              -46.486011,
              -23.66662
            ],
            [
              -46.486371,
              -23.6662632
            ],
            [
              -46.4865094,
              -23.6659953
            ],
            [
              -46.4867055,
              -23.6657439
            ],
            [
              -46.4867384,
              -23.6656504
            ],
            [
              -46.4867597,
              -23.6654411
            ],
            [
              -46.4867913,
              -23.6653398
            ],
            [
              -46.486868,
              -23.665258
            ],
            [
              -46.4869832,
              -23.6652023
            ],
            [
              -46.4871638,
              -23.6651053
            ],
            [
              -46.4876203,
              -23.6648817
            ],
            [
              -46.487985,
              -23.6647195
            ],
            [
              -46.4881594,
              -23.6646339
            ],
            [
              -46.4883391,
              -23.6645343
            ],
            [
              -46.4884265,
              -23.6644862
            ],
            [
              -46.4884738,
              -23.66448
            ],
            [
              -46.488789,
              -23.6645279
            ],
            [
              -46.4888514,
              -23.6645279
            ],
            [
              -46.4888989,
              -23.6645144
            ],
            [
              -46.4889694,
              -23.6644695
            ],
            [
              -46.4891551,
              -23.6643301
            ],
            [
              -46.489198,
              -23.6642922
            ],
            [
              -46.4892428,
              -23.6642366
            ],
            [
              -46.4892979,
              -23.6641226
            ],
            [
              -46.4893378,
              -23.6639934
            ],
            [
              -46.4893911,
              -23.6637761
            ],
            [
              -46.4896274,
              -23.6627846
            ],
            [
              -46.4896801,
              -23.6625134
            ],
            [
              -46.4897364,
              -23.6622616
            ],
            [
              -46.4897633,
              -23.6621425
            ],
            [
              -46.4898115,
              -23.6620331
            ],
            [
              -46.4898827,
              -23.6619204
            ],
            [
              -46.4907,
              -23.6615027
            ],
            [
              -46.4907615,
              -23.6614732
            ],
            [
              -46.4926229,
              -23.6609864
            ],
            [
              -46.4927083,
              -23.6609313
            ],
            [
              -46.4927298,
              -23.6608477
            ],
            [
              -46.4926386,
              -23.6603232
            ],
            [
              -46.4926832,
              -23.6602558
            ],
            [
              -46.4927136,
              -23.6602303
            ],
            [
              -46.4933685,
              -23.6599814
            ],
            [
              -46.4934055,
              -23.6599805
            ],
            [
              -46.4972708,
              -23.6610866
            ],
            [
              -46.4972805,
              -23.6607495
            ],
            [
              -46.4972898,
              -23.6606136
            ],
            [
              -46.4973036,
              -23.660493
            ],
            [
              -46.4973216,
              -23.6604167
            ],
            [
              -46.497346,
              -23.6603129
            ],
            [
              -46.4974056,
              -23.660158
            ],
            [
              -46.4974466,
              -23.6600451
            ],
            [
              -46.4974969,
              -23.6599456
            ],
            [
              -46.4976289,
              -23.6597669
            ],
            [
              -46.4977261,
              -23.6596121
            ],
            [
              -46.4982218,
              -23.6588695
            ],
            [
              -46.4987516,
              -23.6581089
            ],
            [
              -46.4988293,
              -23.6579697
            ],
            [
              -46.4989171,
              -23.6578211
            ],
            [
              -46.499015,
              -23.6576473
            ],
            [
              -46.4991484,
              -23.6574261
            ],
            [
              -46.4992362,
              -23.6572601
            ],
            [
              -46.4993791,
              -23.6569359
            ],
            [
              -46.4994289,
              -23.6568322
            ],
            [
              -46.4994776,
              -23.6567306
            ],
            [
              -46.4992436,
              -23.6568133
            ],
            [
              -46.4988899,
              -23.6569313
            ],
            [
              -46.4987366,
              -23.6569747
            ],
            [
              -46.4984999,
              -23.6570026
            ],
            [
              -46.4981199,
              -23.6569762
            ],
            [
              -46.4977202,
              -23.6569094
            ],
            [
              -46.4973096,
              -23.656769
            ],
            [
              -46.4968697,
              -23.6565503
            ],
            [
              -46.4965841,
              -23.6564648
            ],
            [
              -46.4963348,
              -23.656424
            ],
            [
              -46.4962006,
              -23.6563936
            ],
            [
              -46.4960744,
              -23.6563322
            ],
            [
              -46.4959208,
              -23.6562119
            ],
            [
              -46.4955715,
              -23.6556739
            ],
            [
              -46.4953985,
              -23.6554354
            ],
            [
              -46.4950907,
              -23.6550261
            ],
            [
              -46.4948871,
              -23.6547982
            ],
            [
              -46.4947505,
              -23.6546094
            ],
            [
              -46.4941463,
              -23.6536098
            ],
            [
              -46.4940869,
              -23.653427
            ],
            [
              -46.493816,
              -23.6529457
            ],
            [
              -46.4936396,
              -23.6527373
            ],
            [
              -46.4931862,
              -23.6522653
            ],
            [
              -46.493057,
              -23.6521089
            ],
            [
              -46.4929639,
              -23.6519867
            ],
            [
              -46.4928792,
              -23.6518624
            ],
            [
              -46.4927688,
              -23.6516156
            ],
            [
              -46.4925421,
              -23.6513278
            ],
            [
              -46.4922915,
              -23.6511056
            ],
            [
              -46.4920401,
              -23.6509612
            ],
            [
              -46.4918635,
              -23.6508638
            ],
            [
              -46.4916392,
              -23.6507737
            ],
            [
              -46.4902981,
              -23.6503599
            ],
            [
              -46.4900212,
              -23.6502725
            ],
            [
              -46.4897578,
              -23.6501921
            ],
            [
              -46.4892229,
              -23.6500313
            ],
            [
              -46.4889769,
              -23.6499681
            ],
            [
              -46.4888553,
              -23.6499449
            ],
            [
              -46.4887722,
              -23.6499197
            ],
            [
              -46.4885828,
              -23.6498145
            ],
            [
              -46.4884067,
              -23.6497134
            ],
            [
              -46.4881695,
              -23.6495489
            ],
            [
              -46.4879025,
              -23.6493652
            ],
            [
              -46.4871935,
              -23.6489376
            ],
            [
              -46.4869587,
              -23.6488266
            ],
            [
              -46.4868278,
              -23.6488021
            ],
            [
              -46.4866657,
              -23.6488067
            ],
            [
              -46.4861679,
              -23.6488975
            ],
            [
              -46.4860705,
              -23.6489235
            ],
            [
              -46.485972,
              -23.6489646
            ],
            [
              -46.4856211,
              -23.6491657
            ],
            [
              -46.4850606,
              -23.6494609
            ],
            [
              -46.4849487,
              -23.6494984
            ],
            [
              -46.4848216,
              -23.6495112
            ],
            [
              -46.4846832,
              -23.6494947
            ],
            [
              -46.484114,
              -23.6493549
            ],
            [
              -46.4836599,
              -23.6492404
            ],
            [
              -46.4828276,
              -23.6491536
            ],
            [
              -46.4826702,
              -23.649163
            ],
            [
              -46.4824532,
              -23.6491853
            ],
            [
              -46.4822731,
              -23.6492187
            ],
            [
              -46.4821594,
              -23.6490253
            ],
            [
              -46.4820669,
              -23.6489194
            ],
            [
              -46.4815897,
              -23.648332
            ],
            [
              -46.4815832,
              -23.6482846
            ],
            [
              -46.4815919,
              -23.6482472
            ],
            [
              -46.481613,
              -23.6482083
            ],
            [
              -46.4817529,
              -23.6480459
            ],
            [
              -46.4822889,
              -23.6473664
            ],
            [
              -46.4829826,
              -23.6466765
            ],
            [
              -46.4835727,
              -23.6458903
            ],
            [
              -46.4840448,
              -23.6449468
            ],
            [
              -46.4841896,
              -23.6441261
            ],
            [
              -46.4842701,
              -23.6438854
            ],
            [
              -46.4850211,
              -23.6427993
            ],
            [
              -46.4852981,
              -23.6418648
            ],
            [
              -46.4853993,
              -23.6415561
            ],
            [
              -46.4864656,
              -23.6401186
            ],
            [
              -46.4844028,
              -23.6337596
            ],
            [
              -46.4843936,
              -23.6335497
            ],
            [
              -46.4843839,
              -23.6332553
            ],
            [
              -46.48434,
              -23.6328092
            ],
            [
              -46.4841909,
              -23.6321476
            ],
            [
              -46.4840375,
              -23.6317781
            ],
            [
              -46.4836856,
              -23.631347
            ],
            [
              -46.4836667,
              -23.6313026
            ],
            [
              -46.4829615,
              -23.6296466
            ],
            [
              -46.4829251,
              -23.6284537
            ],
            [
              -46.4829732,
              -23.6279116
            ],
            [
              -46.4832348,
              -23.627427
            ],
            [
              -46.4834386,
              -23.6264784
            ],
            [
              -46.4834983,
              -23.6263744
            ],
            [
              -46.4835995,
              -23.6261983
            ],
            [
              -46.4837129,
              -23.6257254
            ],
            [
              -46.4838975,
              -23.6255204
            ],
            [
              -46.4840447,
              -23.6253568
            ],
            [
              -46.4845857,
              -23.624756
            ],
            [
              -46.4846361,
              -23.6246599
            ],
            [
              -46.4846833,
              -23.62457
            ],
            [
              -46.484751,
              -23.6244327
            ],
            [
              -46.4848514,
              -23.6241843
            ],
            [
              -46.4848695,
              -23.6241046
            ],
            [
              -46.4850278,
              -23.6233637
            ],
            [
              -46.4850482,
              -23.6233071
            ],
            [
              -46.4850948,
              -23.6232667
            ],
            [
              -46.4852625,
              -23.6231917
            ],
            [
              -46.4853564,
              -23.6231425
            ],
            [
              -46.4855219,
              -23.6229918
            ],
            [
              -46.4857235,
              -23.6229788
            ],
            [
              -46.4858332,
              -23.6229788
            ],
            [
              -46.4862896,
              -23.6228904
            ],
            [
              -46.4865959,
              -23.6228469
            ],
            [
              -46.4867069,
              -23.6228685
            ],
            [
              -46.4867881,
              -23.6229059
            ],
            [
              -46.4868705,
              -23.6229803
            ],
            [
              -46.486998,
              -23.6231579
            ],
            [
              -46.4870395,
              -23.623242
            ],
            [
              -46.4870914,
              -23.6232896
            ],
            [
              -46.4873041,
              -23.6234602
            ],
            [
              -46.4876358,
              -23.6237432
            ],
            [
              -46.4878274,
              -23.6239012
            ],
            [
              -46.487945,
              -23.6240084
            ],
            [
              -46.4880225,
              -23.6240524
            ],
            [
              -46.4881225,
              -23.6240669
            ],
            [
              -46.4882381,
              -23.6240644
            ],
            [
              -46.4883476,
              -23.6240475
            ],
            [
              -46.4884461,
              -23.6240203
            ],
            [
              -46.4885327,
              -23.6240013
            ],
            [
              -46.4886219,
              -23.6239894
            ],
            [
              -46.4887168,
              -23.6239868
            ],
            [
              -46.4888461,
              -23.6240218
            ],
            [
              -46.4889558,
              -23.6240508
            ],
            [
              -46.4890897,
              -23.6240782
            ],
            [
              -46.4893636,
              -23.6241737
            ],
            [
              -46.4894675,
              -23.6242129
            ],
            [
              -46.4895302,
              -23.6242585
            ],
            [
              -46.4895974,
              -23.6242987
            ],
            [
              -46.4896301,
              -23.6243461
            ],
            [
              -46.4896565,
              -23.6244048
            ],
            [
              -46.4896764,
              -23.6244598
            ],
            [
              -46.4897013,
              -23.6245208
            ],
            [
              -46.489729,
              -23.6245772
            ],
            [
              -46.489754,
              -23.6246105
            ],
            [
              -46.4897831,
              -23.6246563
            ],
            [
              -46.4899124,
              -23.6247176
            ],
            [
              -46.4900412,
              -23.624735
            ],
            [
              -46.4901791,
              -23.6247159
            ],
            [
              -46.4902841,
              -23.624739
            ],
            [
              -46.4903915,
              -23.6247494
            ],
            [
              -46.4905055,
              -23.6247326
            ],
            [
              -46.4905943,
              -23.6246723
            ],
            [
              -46.4909414,
              -23.6245683
            ],
            [
              -46.4910912,
              -23.6245164
            ],
            [
              -46.4912466,
              -23.6244566
            ],
            [
              -46.491363,
              -23.6244233
            ],
            [
              -46.4916105,
              -23.6243901
            ],
            [
              -46.4917611,
              -23.6243865
            ],
            [
              -46.4918803,
              -23.6243669
            ],
            [
              -46.4920051,
              -23.6243336
            ],
            [
              -46.4921004,
              -23.6243128
            ],
            [
              -46.4921798,
              -23.624292
            ],
            [
              -46.492241,
              -23.62429
            ],
            [
              -46.4923581,
              -23.6242848
            ],
            [
              -46.4924271,
              -23.6242965
            ],
            [
              -46.4924657,
              -23.6243298
            ],
            [
              -46.4925814,
              -23.624415
            ],
            [
              -46.492629,
              -23.6244857
            ],
            [
              -46.4926653,
              -23.6245481
            ],
            [
              -46.4927061,
              -23.6245959
            ],
            [
              -46.4927515,
              -23.6246312
            ],
            [
              -46.4928014,
              -23.6246665
            ],
            [
              -46.49284,
              -23.6247185
            ],
            [
              -46.4928763,
              -23.6247726
            ],
            [
              -46.492899,
              -23.6248121
            ],
            [
              -46.4931372,
              -23.6252881
            ],
            [
              -46.4931713,
              -23.6253463
            ],
            [
              -46.4932166,
              -23.6253775
            ],
            [
              -46.4932711,
              -23.6253837
            ],
            [
              -46.4933618,
              -23.6253775
            ],
            [
              -46.4934639,
              -23.6253671
            ],
            [
              -46.493527,
              -23.6253555
            ],
            [
              -46.4935858,
              -23.6253541
            ],
            [
              -46.493643,
              -23.6253509
            ],
            [
              -46.4936844,
              -23.6253437
            ],
            [
              -46.493723,
              -23.6253354
            ],
            [
              -46.4937775,
              -23.6253208
            ],
            [
              -46.4938206,
              -23.6253291
            ],
            [
              -46.4938795,
              -23.6253458
            ],
            [
              -46.4939544,
              -23.6253478
            ],
            [
              -46.4940089,
              -23.6253312
            ],
            [
              -46.494389,
              -23.6251156
            ],
            [
              -46.4945726,
              -23.6249496
            ],
            [
              -46.4945836,
              -23.6248752
            ],
            [
              -46.4946085,
              -23.624817
            ],
            [
              -46.4946834,
              -23.6247464
            ],
            [
              -46.4948325,
              -23.6246349
            ],
            [
              -46.4948778,
              -23.624612
            ],
            [
              -46.4949935,
              -23.6245954
            ],
            [
              -46.4951063,
              -23.6245973
            ],
            [
              -46.4951984,
              -23.6245802
            ],
            [
              -46.4955971,
              -23.6244083
            ],
            [
              -46.495779,
              -23.6243562
            ],
            [
              -46.4958728,
              -23.6243531
            ],
            [
              -46.4959658,
              -23.6243776
            ],
            [
              -46.4960798,
              -23.6244084
            ],
            [
              -46.4962255,
              -23.6244686
            ],
            [
              -46.496314,
              -23.6245101
            ],
            [
              -46.4964343,
              -23.62456
            ],
            [
              -46.4965883,
              -23.6246251
            ],
            [
              -46.4967311,
              -23.6246829
            ],
            [
              -46.4969138,
              -23.6247475
            ],
            [
              -46.4970642,
              -23.6247962
            ],
            [
              -46.4972015,
              -23.6248312
            ],
            [
              -46.4973492,
              -23.6248634
            ],
            [
              -46.4974692,
              -23.6248687
            ],
            [
              -46.4975992,
              -23.6248614
            ],
            [
              -46.4977047,
              -23.6248411
            ],
            [
              -46.4978047,
              -23.6248103
            ],
            [
              -46.4978809,
              -23.6247768
            ],
            [
              -46.4979419,
              -23.6247307
            ],
            [
              -46.4980066,
              -23.6246723
            ],
            [
              -46.4982039,
              -23.6244478
            ],
            [
              -46.4984013,
              -23.6241879
            ],
            [
              -46.4986123,
              -23.6238699
            ],
            [
              -46.4986532,
              -23.6238346
            ],
            [
              -46.4987007,
              -23.6237963
            ],
            [
              -46.4987662,
              -23.623772
            ],
            [
              -46.4988481,
              -23.6237608
            ],
            [
              -46.499733,
              -23.6237938
            ],
            [
              -46.499902,
              -23.6238109
            ],
            [
              -46.500071,
              -23.6238244
            ],
            [
              -46.5002037,
              -23.6238318
            ],
            [
              -46.5003137,
              -23.6238281
            ],
            [
              -46.500409,
              -23.6238429
            ],
            [
              -46.5005351,
              -23.6239006
            ],
            [
              -46.5006879,
              -23.6240001
            ],
            [
              -46.5007925,
              -23.6240628
            ],
            [
              -46.5008985,
              -23.6241709
            ],
            [
              -46.5009963,
              -23.6243184
            ],
            [
              -46.501168,
              -23.624499
            ],
            [
              -46.5012954,
              -23.6245936
            ],
            [
              -46.5014099,
              -23.6246611
            ],
            [
              -46.5016481,
              -23.6247662
            ],
            [
              -46.5022356,
              -23.6250188
            ],
            [
              -46.5023462,
              -23.6251023
            ],
            [
              -46.5024689,
              -23.6251901
            ],
            [
              -46.502544,
              -23.6252485
            ],
            [
              -46.5027063,
              -23.6253407
            ],
            [
              -46.5027995,
              -23.6253807
            ],
            [
              -46.5029402,
              -23.6254101
            ],
            [
              -46.5031136,
              -23.6254427
            ],
            [
              -46.5032534,
              -23.6254574
            ],
            [
              -46.5033996,
              -23.6254832
            ],
            [
              -46.5037215,
              -23.6255563
            ],
            [
              -46.5038455,
              -23.6255636
            ],
            [
              -46.5045194,
              -23.6256344
            ],
            [
              -46.5050424,
              -23.6256642
            ],
            [
              -46.5052793,
              -23.6257056
            ],
            [
              -46.5055202,
              -23.62574
            ],
            [
              -46.5058319,
              -23.6257843
            ],
            [
              -46.5062347,
              -23.6257841
            ],
            [
              -46.5062957,
              -23.6257726
            ],
            [
              -46.5063454,
              -23.6257541
            ],
            [
              -46.5065622,
              -23.6256266
            ],
            [
              -46.506629,
              -23.625595
            ],
            [
              -46.5070649,
              -23.6254435
            ],
            [
              -46.5072955,
              -23.6253648
            ],
            [
              -46.5074095,
              -23.6253063
            ],
            [
              -46.5075477,
              -23.6252251
            ],
            [
              -46.5082437,
              -23.6247016
            ],
            [
              -46.5084717,
              -23.6245396
            ],
            [
              -46.5086273,
              -23.6244363
            ],
            [
              -46.5087909,
              -23.6243428
            ],
            [
              -46.5099264,
              -23.6237224
            ],
            [
              -46.5099845,
              -23.6236683
            ],
            [
              -46.5100327,
              -23.6236054
            ],
            [
              -46.5104136,
              -23.6229829
            ],
            [
              -46.510451,
              -23.622923
            ],
            [
              -46.5106634,
              -23.6226314
            ],
            [
              -46.5108223,
              -23.6224133
            ],
            [
              -46.5109297,
              -23.6223054
            ],
            [
              -46.5110196,
              -23.62223
            ],
            [
              -46.5112502,
              -23.6221444
            ],
            [
              -46.5113504,
              -23.622097
            ],
            [
              -46.5114919,
              -23.6219911
            ],
            [
              -46.5116285,
              -23.6218447
            ],
            [
              -46.5116964,
              -23.6216132
            ],
            [
              -46.5117452,
              -23.6214889
            ],
            [
              -46.5118419,
              -23.6212444
            ],
            [
              -46.5119764,
              -23.6210094
            ],
            [
              -46.5122209,
              -23.6205534
            ],
            [
              -46.5124122,
              -23.6202877
            ],
            [
              -46.5125688,
              -23.6200585
            ],
            [
              -46.5126825,
              -23.6198854
            ],
            [
              -46.5129774,
              -23.6193204
            ],
            [
              -46.5132069,
              -23.6190091
            ],
            [
              -46.5133191,
              -23.618885
            ],
            [
              -46.5134119,
              -23.6188142
            ],
            [
              -46.5135047,
              -23.6187398
            ],
            [
              -46.5136401,
              -23.618676
            ],
            [
              -46.5137724,
              -23.6186334
            ],
            [
              -46.513955,
              -23.6185715
            ],
            [
              -46.5143555,
              -23.6184634
            ],
            [
              -46.5146586,
              -23.6183684
            ],
            [
              -46.5147713,
              -23.6183318
            ],
            [
              -46.514966,
              -23.618268
            ],
            [
              -46.5151188,
              -23.618236
            ],
            [
              -46.5151853,
              -23.6182224
            ],
            [
              -46.5152741,
              -23.618215
            ],
            [
              -46.5157394,
              -23.6182168
            ],
            [
              -46.5159473,
              -23.6182277
            ],
            [
              -46.5160582,
              -23.6182023
            ],
            [
              -46.5163018,
              -23.6181316
            ],
            [
              -46.5165507,
              -23.6180663
            ],
            [
              -46.5172694,
              -23.6178048
            ],
            [
              -46.5175665,
              -23.6176003
            ],
            [
              -46.5176774,
              -23.6174716
            ],
            [
              -46.5177641,
              -23.6173628
            ],
            [
              -46.5178532,
              -23.6172471
            ],
            [
              -46.5179448,
              -23.6170997
            ],
            [
              -46.5181279,
              -23.6167822
            ],
            [
              -46.5181799,
              -23.6166666
            ],
            [
              -46.5182195,
              -23.6165418
            ],
            [
              -46.5183408,
              -23.6161926
            ],
            [
              -46.5183729,
              -23.6161404
            ],
            [
              -46.518415,
              -23.6160996
            ],
            [
              -46.5185041,
              -23.6160429
            ],
            [
              -46.5194472,
              -23.6155213
            ],
            [
              -46.5195541,
              -23.6154777
            ],
            [
              -46.5197176,
              -23.6154219
            ],
            [
              -46.5198316,
              -23.6153952
            ],
            [
              -46.5200027,
              -23.6153836
            ],
            [
              -46.5203085,
              -23.6153372
            ],
            [
              -46.5205882,
              -23.6152669
            ],
            [
              -46.5207714,
              -23.6151943
            ],
            [
              -46.5208951,
              -23.6151308
            ],
            [
              -46.5210114,
              -23.6150311
            ],
            [
              -46.5210882,
              -23.6149018
            ],
            [
              -46.5211773,
              -23.6147136
            ],
            [
              -46.5213456,
              -23.6142214
            ],
            [
              -46.5214248,
              -23.6140831
            ],
            [
              -46.5215114,
              -23.6139788
            ],
            [
              -46.5216203,
              -23.6138971
            ],
            [
              -46.5217738,
              -23.6138336
            ],
            [
              -46.5219248,
              -23.6137837
            ],
            [
              -46.5221104,
              -23.6137452
            ],
            [
              -46.5222639,
              -23.6137293
            ],
            [
              -46.5224148,
              -23.6137316
            ],
            [
              -46.5224964,
              -23.613738
            ],
            [
              -46.5225584,
              -23.6137429
            ],
            [
              -46.5226335,
              -23.6137332
            ],
            [
              -46.5227012,
              -23.6137445
            ],
            [
              -46.5228191,
              -23.6138086
            ],
            [
              -46.5228641,
              -23.6138228
            ],
            [
              -46.5229394,
              -23.613858
            ],
            [
              -46.5230334,
              -23.613893
            ],
            [
              -46.5232322,
              -23.6139604
            ],
            [
              -46.5233286,
              -23.6139878
            ],
            [
              -46.5235172,
              -23.6140213
            ],
            [
              -46.523704,
              -23.614037
            ],
            [
              -46.523883,
              -23.6140471
            ],
            [
              -46.524325,
              -23.6140239
            ],
            [
              -46.5247828,
              -23.61396
            ],
            [
              -46.5249269,
              -23.6139179
            ],
            [
              -46.5250204,
              -23.6138933
            ],
            [
              -46.5251138,
              -23.6138846
            ],
            [
              -46.5251994,
              -23.6138773
            ],
            [
              -46.5253039,
              -23.6138875
            ],
            [
              -46.5254656,
              -23.6139122
            ],
            [
              -46.5256789,
              -23.6139221
            ],
            [
              -46.5266535,
              -23.6138852
            ],
            [
              -46.5272228,
              -23.6138456
            ],
            [
              -46.5273744,
              -23.613837
            ],
            [
              -46.5276405,
              -23.6138512
            ],
            [
              -46.5283149,
              -23.6138626
            ],
            [
              -46.5286893,
              -23.6138484
            ],
            [
              -46.528844,
              -23.6138484
            ],
            [
              -46.5290359,
              -23.6138631
            ],
            [
              -46.5292518,
              -23.6138668
            ],
            [
              -46.5294501,
              -23.6138994
            ],
            [
              -46.5300336,
              -23.6141089
            ],
            [
              -46.5301302,
              -23.6141384
            ],
            [
              -46.5305486,
              -23.6143546
            ],
            [
              -46.5307344,
              -23.6144628
            ],
            [
              -46.5309912,
              -23.6145998
            ],
            [
              -46.5310804,
              -23.6146415
            ],
            [
              -46.5312101,
              -23.6146438
            ],
            [
              -46.5313708,
              -23.6146176
            ],
            [
              -46.5315075,
              -23.6145445
            ],
            [
              -46.5317489,
              -23.6143325
            ],
            [
              -46.5319514,
              -23.6141986
            ],
            [
              -46.5321472,
              -23.6141187
            ],
            [
              -46.5324248,
              -23.6141224
            ],
            [
              -46.5326434,
              -23.6141531
            ],
            [
              -46.5328929,
              -23.6142146
            ],
            [
              -46.5331423,
              -23.6142674
            ],
            [
              -46.5333094,
              -23.6142901
            ],
            [
              -46.5336656,
              -23.6143243
            ]
          ]
        ]
      },
      "id": "relation/298086"
    },
    {
      "type": "Feature",
      "properties": {
        "@id": "relation/298170",
        "IBGE:GEOCODIGO": "3548807",
        "admin_level": "8",
        "boundary": "administrative",
        "name": "São Caetano do Sul",
        "official_name": "Município de São Caetano do Sul",
        "place": "municipality",
        "population": "165655",
        "population:date": "2023-08-31",
        "source": "IBGE",
        "source:population": "IBGE, DOU de 31/08/2023",
        "type": "boundary",
        "wikidata": "Q967648",
        "wikipedia": "pt:São Caetano do Sul"
      },
      "geometry": {
        "type": "Polygon",
        "coordinates": [
          [
            [
              -46.5664894,
              -23.6489318
            ],
            [
              -46.5663348,
              -23.6486797
            ],
            [
              -46.5661995,
              -23.6484591
            ],
            [
              -46.5661782,
              -23.6484166
            ],
            [
              -46.5658136,
              -23.6479427
            ],
            [
              -46.565747,
              -23.647869
            ],
            [
              -46.5656232,
              -23.6477321
            ],
            [
              -46.564891,
              -23.6468717
            ],
            [
              -46.5648647,
              -23.646847
            ],
            [
              -46.5647685,
              -23.6467568
            ],
            [
              -46.5641661,
              -23.6464533
            ],
            [
              -46.5631981,
              -23.6460439
            ],
            [
              -46.5626176,
              -23.6457653
            ],
            [
              -46.5625827,
              -23.6457113
            ],
            [
              -46.5624016,
              -23.6456069
            ],
            [
              -46.5621965,
              -23.645472
            ],
            [
              -46.5621697,
              -23.645417
            ],
            [
              -46.562002,
              -23.6452086
            ],
            [
              -46.5616618,
              -23.644786
            ],
            [
              -46.5614731,
              -23.6445515
            ],
            [
              -46.5612486,
              -23.6442726
            ],
            [
              -46.5610521,
              -23.6440284
            ],
            [
              -46.5608981,
              -23.6438371
            ],
            [
              -46.5607415,
              -23.6436425
            ],
            [
              -46.5606201,
              -23.6437209
            ],
            [
              -46.560269,
              -23.6439457
            ],
            [
              -46.5601091,
              -23.6440504
            ],
            [
              -46.5598901,
              -23.6441944
            ],
            [
              -46.559722,
              -23.6443116
            ],
            [
              -46.5591475,
              -23.6447696
            ],
            [
              -46.5588598,
              -23.6450069
            ],
            [
              -46.5588021,
              -23.6450545
            ],
            [
              -46.5587408,
              -23.6451062
            ],
            [
              -46.5585355,
              -23.6452744
            ],
            [
              -46.5582977,
              -23.6454738
            ],
            [
              -46.5580846,
              -23.6456444
            ],
            [
              -46.5579868,
              -23.6457231
            ],
            [
              -46.5578852,
              -23.6458274
            ],
            [
              -46.5578224,
              -23.6459011
            ],
            [
              -46.5577582,
              -23.6459995
            ],
            [
              -46.5577002,
              -23.6460974
            ],
            [
              -46.5576452,
              -23.6462148
            ],
            [
              -46.5576081,
              -23.6463259
            ],
            [
              -46.5575792,
              -23.6464071
            ],
            [
              -46.5575547,
              -23.6464744
            ],
            [
              -46.5574588,
              -23.6467484
            ],
            [
              -46.5574067,
              -23.6468869
            ],
            [
              -46.5573523,
              -23.6470414
            ],
            [
              -46.5572419,
              -23.6473783
            ],
            [
              -46.557164,
              -23.6475955
            ],
            [
              -46.557133,
              -23.647682
            ],
            [
              -46.5570951,
              -23.6477877
            ],
            [
              -46.5570572,
              -23.6478833
            ],
            [
              -46.556981,
              -23.6480137
            ],
            [
              -46.5569267,
              -23.648101
            ],
            [
              -46.556835,
              -23.6482483
            ],
            [
              -46.5567855,
              -23.6483231
            ],
            [
              -46.5567486,
              -23.6483727
            ],
            [
              -46.5567037,
              -23.6484252
            ],
            [
              -46.5566234,
              -23.6485088
            ],
            [
              -46.5565274,
              -23.648585
            ],
            [
              -46.5564409,
              -23.6486468
            ],
            [
              -46.5562352,
              -23.6487864
            ],
            [
              -46.5559296,
              -23.6489688
            ],
            [
              -46.5558039,
              -23.6490488
            ],
            [
              -46.5557724,
              -23.6490039
            ],
            [
              -46.5557396,
              -23.6489579
            ],
            [
              -46.5557043,
              -23.6488732
            ],
            [
              -46.5556637,
              -23.6487886
            ],
            [
              -46.5555944,
              -23.6486655
            ],
            [
              -46.5555167,
              -23.6485063
            ],
            [
              -46.5554148,
              -23.6482859
            ],
            [
              -46.5553999,
              -23.6482436
            ],
            [
              -46.555393,
              -23.6482006
            ],
            [
              -46.5551513,
              -23.646628
            ],
            [
              -46.5551681,
              -23.6464642
            ],
            [
              -46.5551008,
              -23.6459853
            ],
            [
              -46.5550566,
              -23.6456712
            ],
            [
              -46.5550167,
              -23.6453873
            ],
            [
              -46.5549182,
              -23.6446862
            ],
            [
              -46.5548585,
              -23.644276
            ],
            [
              -46.5548341,
              -23.6441027
            ],
            [
              -46.554762,
              -23.6440661
            ],
            [
              -46.5542873,
              -23.643825
            ],
            [
              -46.5541576,
              -23.6437592
            ],
            [
              -46.5533306,
              -23.6433393
            ],
            [
              -46.5531169,
              -23.6432282
            ],
            [
              -46.5524349,
              -23.6428739
            ],
            [
              -46.5523728,
              -23.6428417
            ],
            [
              -46.5519912,
              -23.6426511
            ],
            [
              -46.551766,
              -23.6425386
            ],
            [
              -46.5516351,
              -23.6424732
            ],
            [
              -46.5516227,
              -23.642467
            ],
            [
              -46.5517365,
              -23.6423555
            ],
            [
              -46.5518998,
              -23.6421976
            ],
            [
              -46.552105,
              -23.6419558
            ],
            [
              -46.5518301,
              -23.6401209
            ],
            [
              -46.5516412,
              -23.638988
            ],
            [
              -46.5507483,
              -23.6383983
            ],
            [
              -46.5504965,
              -23.6366652
            ],
            [
              -46.5504288,
              -23.6361994
            ],
            [
              -46.5503501,
              -23.635544
            ],
            [
              -46.5501787,
              -23.6341175
            ],
            [
              -46.5499458,
              -23.6321781
            ],
            [
              -46.5496555,
              -23.6307045
            ],
            [
              -46.5494558,
              -23.629596
            ],
            [
              -46.54929,
              -23.6286759
            ],
            [
              -46.5491835,
              -23.6284406
            ],
            [
              -46.5488203,
              -23.627902
            ],
            [
              -46.5482207,
              -23.6271985
            ],
            [
              -46.5479242,
              -23.6268544
            ],
            [
              -46.5474068,
              -23.6263865
            ],
            [
              -46.5470491,
              -23.6260759
            ],
            [
              -46.5467503,
              -23.6258053
            ],
            [
              -46.5462937,
              -23.6253949
            ],
            [
              -46.5456808,
              -23.6249759
            ],
            [
              -46.545428,
              -23.6248177
            ],
            [
              -46.5451332,
              -23.624661
            ],
            [
              -46.5450824,
              -23.6246333
            ],
            [
              -46.5450161,
              -23.624597
            ],
            [
              -46.5468283,
              -23.6215805
            ],
            [
              -46.5481396,
              -23.6194201
            ],
            [
              -46.5483749,
              -23.619068
            ],
            [
              -46.5486421,
              -23.6187246
            ],
            [
              -46.5490857,
              -23.6182312
            ],
            [
              -46.5494535,
              -23.6178625
            ],
            [
              -46.5499561,
              -23.6174509
            ],
            [
              -46.5503889,
              -23.6171425
            ],
            [
              -46.5508345,
              -23.616866
            ],
            [
              -46.5512056,
              -23.6166717
            ],
            [
              -46.5511094,
              -23.6165056
            ],
            [
              -46.5510139,
              -23.6163675
            ],
            [
              -46.5509294,
              -23.6162787
            ],
            [
              -46.550816,
              -23.6161899
            ],
            [
              -46.5507027,
              -23.616126
            ],
            [
              -46.5505877,
              -23.6160762
            ],
            [
              -46.5504912,
              -23.6160547
            ],
            [
              -46.5503839,
              -23.6160391
            ],
            [
              -46.550285,
              -23.6160354
            ],
            [
              -46.5501736,
              -23.6160388
            ],
            [
              -46.5500687,
              -23.6160526
            ],
            [
              -46.5489566,
              -23.6162979
            ],
            [
              -46.5486997,
              -23.6163594
            ],
            [
              -46.5485617,
              -23.6163886
            ],
            [
              -46.5485078,
              -23.6163965
            ],
            [
              -46.5484239,
              -23.6164026
            ],
            [
              -46.5483068,
              -23.616408
            ],
            [
              -46.5482096,
              -23.6164041
            ],
            [
              -46.5481129,
              -23.6163959
            ],
            [
              -46.5480081,
              -23.6163801
            ],
            [
              -46.5479577,
              -23.6163696
            ],
            [
              -46.5478676,
              -23.6163509
            ],
            [
              -46.5475969,
              -23.6162945
            ],
            [
              -46.546432,
              -23.616052
            ],
            [
              -46.5461342,
              -23.61599
            ],
            [
              -46.5454429,
              -23.6158461
            ],
            [
              -46.5454664,
              -23.6157505
            ],
            [
              -46.5457856,
              -23.6144557
            ],
            [
              -46.5458878,
              -23.6138541
            ],
            [
              -46.5459531,
              -23.6133472
            ],
            [
              -46.5459788,
              -23.613148
            ],
            [
              -46.5461179,
              -23.6120288
            ],
            [
              -46.5461647,
              -23.6114282
            ],
            [
              -46.5461776,
              -23.6112948
            ],
            [
              -46.5461577,
              -23.6111828
            ],
            [
              -46.546132,
              -23.6111215
            ],
            [
              -46.546093,
              -23.6110685
            ],
            [
              -46.5460365,
              -23.6110261
            ],
            [
              -46.5459632,
              -23.6109976
            ],
            [
              -46.5458654,
              -23.6109821
            ],
            [
              -46.5450697,
              -23.6108841
            ],
            [
              -46.5449384,
              -23.6108684
            ],
            [
              -46.5447131,
              -23.6108465
            ],
            [
              -46.5477382,
              -23.6065241
            ],
            [
              -46.5478788,
              -23.6063232
            ],
            [
              -46.5480601,
              -23.6061095
            ],
            [
              -46.5481979,
              -23.6059847
            ],
            [
              -46.5484256,
              -23.6058405
            ],
            [
              -46.5487334,
              -23.6056879
            ],
            [
              -46.5490035,
              -23.6055919
            ],
            [
              -46.5492886,
              -23.6055556
            ],
            [
              -46.5496167,
              -23.6055659
            ],
            [
              -46.5499278,
              -23.6056098
            ],
            [
              -46.5502222,
              -23.6057091
            ],
            [
              -46.5503987,
              -23.6058145
            ],
            [
              -46.550602,
              -23.6059691
            ],
            [
              -46.5513573,
              -23.606781
            ],
            [
              -46.5526318,
              -23.6081764
            ],
            [
              -46.5531304,
              -23.6087181
            ],
            [
              -46.5533155,
              -23.6089684
            ],
            [
              -46.5534207,
              -23.6091847
            ],
            [
              -46.5537579,
              -23.6100311
            ],
            [
              -46.5538573,
              -23.6102268
            ],
            [
              -46.5539378,
              -23.6103595
            ],
            [
              -46.5540589,
              -23.6104916
            ],
            [
              -46.5542358,
              -23.6106443
            ],
            [
              -46.5562028,
              -23.611815
            ],
            [
              -46.5564043,
              -23.6119288
            ],
            [
              -46.5566396,
              -23.6120182
            ],
            [
              -46.5568115,
              -23.6120609
            ],
            [
              -46.5571947,
              -23.6120909
            ],
            [
              -46.5574767,
              -23.6120632
            ],
            [
              -46.5577279,
              -23.6119959
            ],
            [
              -46.5579236,
              -23.6119007
            ],
            [
              -46.5611208,
              -23.6099216
            ],
            [
              -46.5657449,
              -23.6070829
            ],
            [
              -46.565989,
              -23.6069236
            ],
            [
              -46.566218,
              -23.6067695
            ],
            [
              -46.5663864,
              -23.6066329
            ],
            [
              -46.5668499,
              -23.6063006
            ],
            [
              -46.5678141,
              -23.6054601
            ],
            [
              -46.5679967,
              -23.6053248
            ],
            [
              -46.5682507,
              -23.6051656
            ],
            [
              -46.5703998,
              -23.6038436
            ],
            [
              -46.5746685,
              -23.6011773
            ],
            [
              -46.5749821,
              -23.6009935
            ],
            [
              -46.5752373,
              -23.6008724
            ],
            [
              -46.5754106,
              -23.600805
            ],
            [
              -46.5756464,
              -23.600734
            ],
            [
              -46.5758683,
              -23.6006954
            ],
            [
              -46.5766197,
              -23.6006327
            ],
            [
              -46.5768671,
              -23.6005825
            ],
            [
              -46.5771824,
              -23.6004939
            ],
            [
              -46.5773696,
              -23.6004167
            ],
            [
              -46.5790865,
              -23.5994926
            ],
            [
              -46.5789152,
              -23.6000664
            ],
            [
              -46.5788857,
              -23.6001969
            ],
            [
              -46.5788358,
              -23.6004875
            ],
            [
              -46.5788381,
              -23.6006673
            ],
            [
              -46.5788595,
              -23.6008204
            ],
            [
              -46.5788984,
              -23.6009856
            ],
            [
              -46.5789622,
              -23.601158
            ],
            [
              -46.5790653,
              -23.6013401
            ],
            [
              -46.5793691,
              -23.6017965
            ],
            [
              -46.5794554,
              -23.6019679
            ],
            [
              -46.5794986,
              -23.6021994
            ],
            [
              -46.5795127,
              -23.6024332
            ],
            [
              -46.5794759,
              -23.6028878
            ],
            [
              -46.5794188,
              -23.6031595
            ],
            [
              -46.5793172,
              -23.6035113
            ],
            [
              -46.579311,
              -23.6042323
            ],
            [
              -46.5793115,
              -23.6044387
            ],
            [
              -46.5793341,
              -23.604637
            ],
            [
              -46.5794013,
              -23.6051086
            ],
            [
              -46.5795104,
              -23.6055862
            ],
            [
              -46.5796562,
              -23.606115
            ],
            [
              -46.5796709,
              -23.6063165
            ],
            [
              -46.579632,
              -23.6065119
            ],
            [
              -46.5796602,
              -23.6066176
            ],
            [
              -46.5797406,
              -23.6067712
            ],
            [
              -46.5798017,
              -23.6069313
            ],
            [
              -46.5798667,
              -23.6071854
            ],
            [
              -46.5800141,
              -23.6083436
            ],
            [
              -46.5804508,
              -23.6107002
            ],
            [
              -46.5806075,
              -23.6116893
            ],
            [
              -46.5806476,
              -23.6119509
            ],
            [
              -46.5806598,
              -23.6119992
            ],
            [
              -46.5807459,
              -23.6123394
            ],
            [
              -46.5809551,
              -23.6134417
            ],
            [
              -46.5819434,
              -23.6190415
            ],
            [
              -46.5823524,
              -23.6212878
            ],
            [
              -46.5824075,
              -23.6216038
            ],
            [
              -46.5824501,
              -23.6219775
            ],
            [
              -46.5824591,
              -23.6220566
            ],
            [
              -46.5824907,
              -23.6221984
            ],
            [
              -46.5825211,
              -23.622458
            ],
            [
              -46.5825835,
              -23.6228822
            ],
            [
              -46.5828705,
              -23.6245462
            ],
            [
              -46.5829658,
              -23.6248909
            ],
            [
              -46.5830377,
              -23.6252249
            ],
            [
              -46.5831051,
              -23.6256122
            ],
            [
              -46.5831276,
              -23.6259341
            ],
            [
              -46.5831135,
              -23.6261958
            ],
            [
              -46.5830653,
              -23.6264349
            ],
            [
              -46.5829796,
              -23.6266555
            ],
            [
              -46.5828522,
              -23.62692
            ],
            [
              -46.5826977,
              -23.6271144
            ],
            [
              -46.5819461,
              -23.6277526
            ],
            [
              -46.5817753,
              -23.6279593
            ],
            [
              -46.5816631,
              -23.6281089
            ],
            [
              -46.5815783,
              -23.6282861
            ],
            [
              -46.5814936,
              -23.6285006
            ],
            [
              -46.5814429,
              -23.628738
            ],
            [
              -46.5814298,
              -23.6287994
            ],
            [
              -46.5814449,
              -23.6291129
            ],
            [
              -46.5820824,
              -23.631854
            ],
            [
              -46.5821447,
              -23.6320109
            ],
            [
              -46.5821715,
              -23.632064
            ],
            [
              -46.5822308,
              -23.6321817
            ],
            [
              -46.5822354,
              -23.6321889
            ],
            [
              -46.582324,
              -23.6323272
            ],
            [
              -46.582407,
              -23.6324403
            ],
            [
              -46.5825593,
              -23.6325759
            ],
            [
              -46.5838668,
              -23.6333664
            ],
            [
              -46.5841819,
              -23.6335894
            ],
            [
              -46.5843523,
              -23.6337497
            ],
            [
              -46.5845301,
              -23.633892
            ],
            [
              -46.5847021,
              -23.6340531
            ],
            [
              -46.5847409,
              -23.6341573
            ],
            [
              -46.5848615,
              -23.6344435
            ],
            [
              -46.5849516,
              -23.6346911
            ],
            [
              -46.5849914,
              -23.6349082
            ],
            [
              -46.5849786,
              -23.6352019
            ],
            [
              -46.5849526,
              -23.6354017
            ],
            [
              -46.58492,
              -23.6356161
            ],
            [
              -46.5848859,
              -23.6358022
            ],
            [
              -46.5846586,
              -23.6367908
            ],
            [
              -46.5839844,
              -23.6390992
            ],
            [
              -46.5833999,
              -23.6411371
            ],
            [
              -46.583312,
              -23.6412723
            ],
            [
              -46.5830491,
              -23.6415855
            ],
            [
              -46.5828708,
              -23.6417571
            ],
            [
              -46.5827086,
              -23.6418803
            ],
            [
              -46.5812445,
              -23.6428617
            ],
            [
              -46.5808118,
              -23.643221
            ],
            [
              -46.5804476,
              -23.6435541
            ],
            [
              -46.5799775,
              -23.6440071
            ],
            [
              -46.5769526,
              -23.6471977
            ],
            [
              -46.5762642,
              -23.6478773
            ],
            [
              -46.575039,
              -23.6494236
            ],
            [
              -46.5747329,
              -23.6498574
            ],
            [
              -46.5744887,
              -23.6501087
            ],
            [
              -46.5742425,
              -23.650286
            ],
            [
              -46.5739891,
              -23.650409
            ],
            [
              -46.5737723,
              -23.6505
            ],
            [
              -46.5735022,
              -23.6505644
            ],
            [
              -46.5733011,
              -23.6505777
            ],
            [
              -46.5730334,
              -23.6505755
            ],
            [
              -46.5728929,
              -23.65054
            ],
            [
              -46.572727,
              -23.6504678
            ],
            [
              -46.5721129,
              -23.6498976
            ],
            [
              -46.5718343,
              -23.6496512
            ],
            [
              -46.5716654,
              -23.6495115
            ],
            [
              -46.5715417,
              -23.6494304
            ],
            [
              -46.571412,
              -23.6493706
            ],
            [
              -46.5712831,
              -23.6493234
            ],
            [
              -46.5711245,
              -23.6492965
            ],
            [
              -46.5710416,
              -23.6492852
            ],
            [
              -46.5709011,
              -23.6492841
            ],
            [
              -46.5707181,
              -23.6492984
            ],
            [
              -46.5704959,
              -23.6493328
            ],
            [
              -46.5695584,
              -23.6495913
            ],
            [
              -46.5684683,
              -23.6498798
            ],
            [
              -46.5676904,
              -23.6500818
            ],
            [
              -46.5673915,
              -23.6501594
            ],
            [
              -46.5673015,
              -23.6501825
            ],
            [
              -46.5672113,
              -23.650063
            ],
            [
              -46.5671026,
              -23.6499268
            ],
            [
              -46.5670448,
              -23.6498435
            ],
            [
              -46.5669955,
              -23.6497644
            ],
            [
              -46.5669164,
              -23.6496343
            ],
            [
              -46.5667667,
              -23.6493866
            ],
            [
              -46.5664894,
              -23.6489318
            ]
          ]
        ]
      },
      "id": "relation/298170"
    },
    {
      "type": "Feature",
      "properties": {
        "@id": "relation/301414",
        "IBGE:GEOCODIGO": "2513851",
        "admin_level": "8",
        "boundary": "administrative",
        "name": "Santo André",
        "place": "municipality",
        "population": "2622",
        "population:date": "2023-08-31",
        "source": "IBGE",
        "source:population": "IBGE, DOU de 31/08/2023",
        "type": "boundary",
        "wikidata": "Q2078761",
        "wikipedia": "pt:Santo André (Paraíba)"
      },
      "geometry": {
        "type": "Polygon",
        "coordinates": [
          [
            [
              -36.6625464,
              -7.1353968
            ],
            [
              -36.6626161,
              -7.1357854
            ],
            [
              -36.6625893,
              -7.1361314
            ],
            [
              -36.6624069,
              -7.1363975
            ],
            [
              -36.6623921,
              -7.1370002
            ],
            [
              -36.6625035,
              -7.1377282
            ],
            [
              -36.662364,
              -7.1382605
            ],
            [
              -36.6619563,
              -7.1385373
            ],
            [
              -36.6612911,
              -7.138878
            ],
            [
              -36.6608191,
              -7.1390909
            ],
            [
              -36.6603685,
              -7.1393251
            ],
            [
              -36.6600037,
              -7.1397935
            ],
            [
              -36.6596174,
              -7.1406877
            ],
            [
              -36.6595102,
              -7.1411135
            ],
            [
              -36.6596604,
              -7.1417949
            ],
            [
              -36.6598964,
              -7.1423484
            ],
            [
              -36.6599514,
              -7.1425041
            ],
            [
              -36.6602397,
              -7.1433278
            ],
            [
              -36.6601968,
              -7.1440304
            ],
            [
              -36.6601968,
              -7.144584
            ],
            [
              -36.6601968,
              -7.1449885
            ],
            [
              -36.6601324,
              -7.1454356
            ],
            [
              -36.6598964,
              -7.1457763
            ],
            [
              -36.65936,
              -7.1460318
            ],
            [
              -36.658845,
              -7.1462234
            ],
            [
              -36.6579437,
              -7.1465853
            ],
            [
              -36.6576004,
              -7.1468195
            ],
            [
              -36.6569138,
              -7.1474583
            ],
            [
              -36.6568709,
              -7.1478202
            ],
            [
              -36.6570211,
              -7.1483312
            ],
            [
              -36.6572356,
              -7.148757
            ],
            [
              -36.6574502,
              -7.1491828
            ],
            [
              -36.6577721,
              -7.1497577
            ],
            [
              -36.6582871,
              -7.1502474
            ],
            [
              -36.6588021,
              -7.1509926
            ],
            [
              -36.6586733,
              -7.1517377
            ],
            [
              -36.6587591,
              -7.152419
            ],
            [
              -36.6586948,
              -7.1532281
            ],
            [
              -36.658566,
              -7.1536752
            ],
            [
              -36.6582871,
              -7.1540371
            ],
            [
              -36.6581369,
              -7.1546546
            ],
            [
              -36.6584158,
              -7.1553571
            ],
            [
              -36.6584373,
              -7.1559107
            ],
            [
              -36.65833,
              -7.1562513
            ],
            [
              -36.6585231,
              -7.156443
            ],
            [
              -36.658845,
              -7.156592
            ],
            [
              -36.6590381,
              -7.1569539
            ],
            [
              -36.6589308,
              -7.1573372
            ],
            [
              -36.658845,
              -7.1578056
            ],
            [
              -36.6585875,
              -7.1585294
            ],
            [
              -36.6584587,
              -7.1593172
            ],
            [
              -36.6581798,
              -7.1608714
            ],
            [
              -36.657579,
              -7.1623404
            ],
            [
              -36.6574288,
              -7.1628514
            ],
            [
              -36.6571949,
              -7.1634938
            ],
            [
              -36.6571498,
              -7.1636178
            ],
            [
              -36.6571069,
              -7.1642991
            ],
            [
              -36.6571713,
              -7.1648526
            ],
            [
              -36.6573,
              -7.1652997
            ],
            [
              -36.6572127,
              -7.1658008
            ],
            [
              -36.6572172,
              -7.1661003
            ],
            [
              -36.6573928,
              -7.1666973
            ],
            [
              -36.6574481,
              -7.1667731
            ],
            [
              -36.657487,
              -7.1668248
            ],
            [
              -36.6579522,
              -7.1670348
            ],
            [
              -36.6583215,
              -7.1672048
            ],
            [
              -36.6593385,
              -7.1677587
            ],
            [
              -36.6597886,
              -7.1689169
            ],
            [
              -36.6600251,
              -7.17042
            ],
            [
              -36.6598106,
              -7.1717506
            ],
            [
              -36.6599224,
              -7.173634
            ],
            [
              -36.6599929,
              -7.175455
            ],
            [
              -36.6598642,
              -7.1762001
            ],
            [
              -36.6594994,
              -7.1771795
            ],
            [
              -36.658131,
              -7.1794746
            ],
            [
              -36.6578822,
              -7.180457
            ],
            [
              -36.657581,
              -7.18135
            ],
            [
              -36.6577176,
              -7.1815779
            ],
            [
              -36.6578203,
              -7.1817474
            ],
            [
              -36.6578963,
              -7.1819331
            ],
            [
              -36.6578579,
              -7.1827999
            ],
            [
              -36.6573089,
              -7.1843962
            ],
            [
              -36.6567482,
              -7.1851187
            ],
            [
              -36.6560555,
              -7.1856313
            ],
            [
              -36.6556692,
              -7.1861848
            ],
            [
              -36.6555512,
              -7.1866745
            ],
            [
              -36.6558087,
              -7.1871961
            ],
            [
              -36.6563773,
              -7.1876644
            ],
            [
              -36.6571182,
              -7.1883102
            ],
            [
              -36.6581605,
              -7.1902095
            ],
            [
              -36.6589136,
              -7.1919441
            ],
            [
              -36.6591006,
              -7.1926999
            ],
            [
              -36.6591942,
              -7.1931652
            ],
            [
              -36.6592466,
              -7.1935437
            ],
            [
              -36.6596401,
              -7.1936988
            ],
            [
              -36.6747459,
              -7.2097903
            ],
            [
              -36.6691724,
              -7.2097257
            ],
            [
              -36.6692447,
              -7.2101954
            ],
            [
              -36.6691266,
              -7.2105466
            ],
            [
              -36.6686009,
              -7.2112598
            ],
            [
              -36.6684722,
              -7.2117175
            ],
            [
              -36.6683434,
              -7.2119091
            ],
            [
              -36.667807,
              -7.2121007
            ],
            [
              -36.6675817,
              -7.2124413
            ],
            [
              -36.6675924,
              -7.2128457
            ],
            [
              -36.6681611,
              -7.2138782
            ],
            [
              -36.6682683,
              -7.214602
            ],
            [
              -36.6684293,
              -7.2149852
            ],
            [
              -36.6687404,
              -7.2151342
            ],
            [
              -36.6688297,
              -7.2160158
            ],
            [
              -36.6693627,
              -7.2170394
            ],
            [
              -36.6692554,
              -7.2175716
            ],
            [
              -36.6701244,
              -7.218636
            ],
            [
              -36.6705643,
              -7.2197855
            ],
            [
              -36.6707574,
              -7.220041
            ],
            [
              -36.6709253,
              -7.2205391
            ],
            [
              -36.6707111,
              -7.2217788
            ],
            [
              -36.6704965,
              -7.2238437
            ],
            [
              -36.6713333,
              -7.2244398
            ],
            [
              -36.6722989,
              -7.2244611
            ],
            [
              -36.6727969,
              -7.2254205
            ],
            [
              -36.6723633,
              -7.2264408
            ],
            [
              -36.6726637,
              -7.2275903
            ],
            [
              -36.6725564,
              -7.2290591
            ],
            [
              -36.6728783,
              -7.230315
            ],
            [
              -36.6728783,
              -7.231571
            ],
            [
              -36.6733074,
              -7.232465
            ],
            [
              -36.6746164,
              -7.2345086
            ],
            [
              -36.6758664,
              -7.2356904
            ],
            [
              -36.6783021,
              -7.2365644
            ],
            [
              -36.6780242,
              -7.2374621
            ],
            [
              -36.7066712,
              -7.270062
            ],
            [
              -36.7052365,
              -7.269673
            ],
            [
              -36.7031765,
              -7.2684385
            ],
            [
              -36.700387,
              -7.2683534
            ],
            [
              -36.6991854,
              -7.2687791
            ],
            [
              -36.6969109,
              -7.2686088
            ],
            [
              -36.6953659,
              -7.2674168
            ],
            [
              -36.6937781,
              -7.2663951
            ],
            [
              -36.6912032,
              -7.2658417
            ],
            [
              -36.6878987,
              -7.2657565
            ],
            [
              -36.6850234,
              -7.2655863
            ],
            [
              -36.6832638,
              -7.2662248
            ],
            [
              -36.678586,
              -7.265714
            ],
            [
              -36.6766119,
              -7.2669911
            ],
            [
              -36.6729641,
              -7.2671614
            ],
            [
              -36.6708184,
              -7.2683959
            ],
            [
              -36.6687584,
              -7.2683108
            ],
            [
              -36.6667843,
              -7.2682256
            ],
            [
              -36.6647459,
              -7.2690132
            ],
            [
              -36.6634922,
              -7.2705073
            ],
            [
              -36.6634258,
              -7.2711705
            ],
            [
              -36.6632244,
              -7.2717994
            ],
            [
              -36.662308,
              -7.2746616
            ],
            [
              -36.6627301,
              -7.2768892
            ],
            [
              -36.662,
              -7.279
            ],
            [
              -36.6617452,
              -7.2798907
            ],
            [
              -36.6615005,
              -7.2804076
            ],
            [
              -36.6609103,
              -7.2806561
            ],
            [
              -36.6603428,
              -7.2807481
            ],
            [
              -36.6599447,
              -7.2805124
            ],
            [
              -36.6596559,
              -7.2798869
            ],
            [
              -36.6584155,
              -7.2777334
            ],
            [
              -36.6577589,
              -7.2770534
            ],
            [
              -36.6564692,
              -7.2765375
            ],
            [
              -36.6551092,
              -7.2767954
            ],
            [
              -36.6546402,
              -7.2775927
            ],
            [
              -36.6545933,
              -7.2798907
            ],
            [
              -36.6542416,
              -7.2807349
            ],
            [
              -36.6535615,
              -7.2813211
            ],
            [
              -36.6522484,
              -7.2817666
            ],
            [
              -36.6513104,
              -7.2818135
            ],
            [
              -36.6506714,
              -7.2821549
            ],
            [
              -36.6501989,
              -7.2827264
            ],
            [
              -36.6499585,
              -7.283335
            ],
            [
              -36.6497864,
              -7.2837702
            ],
            [
              -36.6120758,
              -7.2834513
            ],
            [
              -36.587623,
              -7.2920015
            ],
            [
              -36.555821,
              -7.3210429
            ],
            [
              -36.5606489,
              -7.2693209
            ],
            [
              -36.574266,
              -7.2504515
            ],
            [
              -36.5747204,
              -7.2492767
            ],
            [
              -36.5742193,
              -7.2475366
            ],
            [
              -36.5725587,
              -7.2466589
            ],
            [
              -36.5680793,
              -7.2461374
            ],
            [
              -36.5669241,
              -7.2461322
            ],
            [
              -36.5644341,
              -7.2453064
            ],
            [
              -36.5589245,
              -7.2454003
            ],
            [
              -36.55746,
              -7.2441907
            ],
            [
              -36.5553228,
              -7.2405211
            ],
            [
              -36.5531483,
              -7.237769
            ],
            [
              -36.5517219,
              -7.2355071
            ],
            [
              -36.55089,
              -7.2347768
            ],
            [
              -36.5496155,
              -7.2340111
            ],
            [
              -36.5454219,
              -7.233277
            ],
            [
              -36.5416701,
              -7.2335384
            ],
            [
              -36.5391151,
              -7.2335062
            ],
            [
              -36.5330027,
              -7.2318271
            ],
            [
              -36.5287279,
              -7.2301237
            ],
            [
              -36.5264545,
              -7.2287489
            ],
            [
              -36.5294767,
              -7.2277377
            ],
            [
              -36.5312556,
              -7.2264966
            ],
            [
              -36.5322755,
              -7.2261196
            ],
            [
              -36.5336139,
              -7.2252941
            ],
            [
              -36.534972,
              -7.2246353
            ],
            [
              -36.5370554,
              -7.2239659
            ],
            [
              -36.5384765,
              -7.223293
            ],
            [
              -36.5414235,
              -7.2211776
            ],
            [
              -36.5422797,
              -7.2204026
            ],
            [
              -36.5437226,
              -7.2187425
            ],
            [
              -36.5443854,
              -7.21754
            ],
            [
              -36.5457223,
              -7.2144555
            ],
            [
              -36.5464256,
              -7.2117907
            ],
            [
              -36.5468398,
              -7.2088956
            ],
            [
              -36.5481437,
              -7.2057025
            ],
            [
              -36.5492756,
              -7.2017435
            ],
            [
              -36.5496352,
              -7.1985756
            ],
            [
              -36.5499456,
              -7.1976872
            ],
            [
              -36.5512838,
              -7.1956423
            ],
            [
              -36.5518362,
              -7.1945214
            ],
            [
              -36.5517021,
              -7.1924039
            ],
            [
              -36.5518379,
              -7.1910263
            ],
            [
              -36.5521447,
              -7.1896767
            ],
            [
              -36.5526679,
              -7.1886065
            ],
            [
              -36.5536451,
              -7.1879491
            ],
            [
              -36.5560187,
              -7.1868494
            ],
            [
              -36.5573862,
              -7.1859449
            ],
            [
              -36.5608392,
              -7.1836584
            ],
            [
              -36.5640191,
              -7.1828595
            ],
            [
              -36.5680396,
              -7.1792724
            ],
            [
              -36.591,
              -7.172
            ],
            [
              -36.613,
              -7.129
            ],
            [
              -36.637,
              -7.129
            ],
            [
              -36.6605137,
              -7.1294331
            ],
            [
              -36.6623586,
              -7.1342471
            ],
            [
              -36.6625464,
              -7.1353968
            ]
          ]
        ]
      },
      "id": "relation/301414"
    },
    {
      "type": "Feature",
      "properties": {
        "@id": "relation/2198393",
        "admin_level": "8",
        "border_type": "freguesia",
        "boundary": "administrative",
        "name": "Santo André",
        "official_name": "Freguesia de Santo André",
        "population": "149",
        "population:date": "2021",
        "ref:ine": "170627",
        "source": "DGT - CAOP 2022",
        "type": "boundary",
        "wikidata": "Q198219"
      },
      "geometry": {
        "type": "Polygon",
        "coordinates": [
          [
            [
              -7.6829754,
              41.8565687
            ],
            [
              -7.6825506,
              41.8566126
            ],
            [
              -7.6818768,
              41.8564761
            ],
            [
              -7.6816413,
              41.8564797
            ],
            [
              -7.6814439,
              41.8565245
            ],
            [
              -7.6813124,
              41.8565944
            ],
            [
              -7.681229,
              41.8566975
            ],
            [
              -7.6811516,
              41.8569049
            ],
            [
              -7.6810484,
              41.8570175
            ],
            [
              -7.6809287,
              41.8570739
            ],
            [
              -7.6806632,
              41.8571021
            ],
            [
              -7.6801495,
              41.8570393
            ],
            [
              -7.6792814,
              41.8570972
            ],
            [
              -7.6790238,
              41.8572341
            ],
            [
              -7.6787625,
              41.8574396
            ],
            [
              -7.6786313,
              41.857632
            ],
            [
              -7.6785581,
              41.8580132
            ],
            [
              -7.6783779,
              41.8583102
            ],
            [
              -7.6779079,
              41.8586972
            ],
            [
              -7.6777755,
              41.8587625
            ],
            [
              -7.6776352,
              41.8588002
            ],
            [
              -7.6773286,
              41.8588142
            ],
            [
              -7.6769819,
              41.8587807
            ],
            [
              -7.6762036,
              41.858633
            ],
            [
              -7.6757214,
              41.8586654
            ],
            [
              -7.6751905,
              41.8588575
            ],
            [
              -7.6749348,
              41.8588277
            ],
            [
              -7.6747841,
              41.8588401
            ],
            [
              -7.6744772,
              41.8590903
            ],
            [
              -7.6743243,
              41.8591556
            ],
            [
              -7.6742125,
              41.85914
            ],
            [
              -7.6737863,
              41.8589227
            ],
            [
              -7.6735988,
              41.8587172
            ],
            [
              -7.6732746,
              41.8582138
            ],
            [
              -7.6729844,
              41.857953
            ],
            [
              -7.6726845,
              41.8578623
            ],
            [
              -7.672377,
              41.8578684
            ],
            [
              -7.6716177,
              41.8577961
            ],
            [
              -7.6708989,
              41.8576481
            ],
            [
              -7.6695429,
              41.8571947
            ],
            [
              -7.6693987,
              41.8572127
            ],
            [
              -7.6691127,
              41.8574468
            ],
            [
              -7.6688568,
              41.8575999
            ],
            [
              -7.6685112,
              41.8577313
            ],
            [
              -7.6683896,
              41.8577478
            ],
            [
              -7.6673997,
              41.8577072
            ],
            [
              -7.6663549,
              41.8574868
            ],
            [
              -7.6661094,
              41.8574037
            ],
            [
              -7.6658233,
              41.8572495
            ],
            [
              -7.6651008,
              41.8565516
            ],
            [
              -7.6645278,
              41.8563152
            ],
            [
              -7.6640062,
              41.855993
            ],
            [
              -7.663676,
              41.8558764
            ],
            [
              -7.6632613,
              41.8558943
            ],
            [
              -7.663101,
              41.8559944
            ],
            [
              -7.6629613,
              41.856242
            ],
            [
              -7.6628805,
              41.8562839
            ],
            [
              -7.6624288,
              41.8562235
            ],
            [
              -7.6622983,
              41.8562371
            ],
            [
              -7.6622043,
              41.8562861
            ],
            [
              -7.6619172,
              41.8566051
            ],
            [
              -7.6616412,
              41.8570142
            ],
            [
              -7.6615098,
              41.8571363
            ],
            [
              -7.6613685,
              41.8572038
            ],
            [
              -7.6610619,
              41.8572329
            ],
            [
              -7.6597614,
              41.857078
            ],
            [
              -7.6594581,
              41.8572416
            ],
            [
              -7.659351,
              41.8572491
            ],
            [
              -7.6592187,
              41.8572226
            ],
            [
              -7.6589601,
              41.8570605
            ],
            [
              -7.6585621,
              41.8568846
            ],
            [
              -7.6582403,
              41.8568518
            ],
            [
              -7.6579606,
              41.8569609
            ],
            [
              -7.6575066,
              41.8573388
            ],
            [
              -7.6572351,
              41.8574648
            ],
            [
              -7.6571772,
              41.8575
            ],
            [
              -7.6570242,
              41.8577712
            ],
            [
              -7.6572621,
              41.8578858
            ],
            [
              -7.6575994,
              41.8579052
            ],
            [
              -7.6577693,
              41.8579498
            ],
            [
              -7.6577629,
              41.8580544
            ],
            [
              -7.6575081,
              41.8582116
            ],
            [
              -7.6574178,
              41.8583056
            ],
            [
              -7.6569327,
              41.8591269
            ],
            [
              -7.6560901,
              41.8598482
            ],
            [
              -7.6557143,
              41.8602657
            ],
            [
              -7.6553383,
              41.8604257
            ],
            [
              -7.6550169,
              41.8604991
            ],
            [
              -7.6545284,
              41.8605658
            ],
            [
              -7.653152,
              41.8605537
            ],
            [
              -7.6529768,
              41.8606764
            ],
            [
              -7.6528158,
              41.8609391
            ],
            [
              -7.6527251,
              41.8614575
            ],
            [
              -7.6525085,
              41.8616591
            ],
            [
              -7.6517185,
              41.8621736
            ],
            [
              -7.6511501,
              41.8627541
            ],
            [
              -7.651014,
              41.8630546
            ],
            [
              -7.6508739,
              41.8632645
            ],
            [
              -7.6507702,
              41.8633541
            ],
            [
              -7.6503795,
              41.8634898
            ],
            [
              -7.6499845,
              41.8634769
            ],
            [
              -7.6498636,
              41.8635061
            ],
            [
              -7.6497427,
              41.8635743
            ],
            [
              -7.6495251,
              41.8638384
            ],
            [
              -7.6490731,
              41.8639407
            ],
            [
              -7.6480886,
              41.8646454
            ],
            [
              -7.6480614,
              41.8648202
            ],
            [
              -7.6481376,
              41.8649641
            ],
            [
              -7.6483665,
              41.8651389
            ],
            [
              -7.6487128,
              41.8653126
            ],
            [
              -7.6488819,
              41.8654882
            ],
            [
              -7.6488824,
              41.8655512
            ],
            [
              -7.6486962,
              41.8658792
            ],
            [
              -7.6486735,
              41.8661447
            ],
            [
              -7.6485207,
              41.8663122
            ],
            [
              -7.6479646,
              41.8665659
            ],
            [
              -7.6469368,
              41.8669079
            ],
            [
              -7.6461827,
              41.8671222
            ],
            [
              -7.6453521,
              41.8674839
            ],
            [
              -7.6445683,
              41.8677439
            ],
            [
              -7.6426998,
              41.8681967
            ],
            [
              -7.6413028,
              41.8684806
            ],
            [
              -7.6408244,
              41.8687183
            ],
            [
              -7.6418839,
              41.8693575
            ],
            [
              -7.6421302,
              41.8695651
            ],
            [
              -7.6427797,
              41.870426
            ],
            [
              -7.6431555,
              41.8708611
            ],
            [
              -7.6432567,
              41.8710755
            ],
            [
              -7.6433121,
              41.8713121
            ],
            [
              -7.6440941,
              41.8718528
            ],
            [
              -7.6445882,
              41.872323
            ],
            [
              -7.6447011,
              41.8724928
            ],
            [
              -7.6447886,
              41.872814
            ],
            [
              -7.6445789,
              41.8731209
            ],
            [
              -7.6444054,
              41.8732433
            ],
            [
              -7.6440577,
              41.8734276
            ],
            [
              -7.6436388,
              41.87358
            ],
            [
              -7.643196,
              41.8737886
            ],
            [
              -7.6430567,
              41.8739202
            ],
            [
              -7.6429411,
              41.8741082
            ],
            [
              -7.6420572,
              41.8739782
            ],
            [
              -7.6417124,
              41.8739905
            ],
            [
              -7.6415957,
              41.8740308
            ],
            [
              -7.6412057,
              41.8747619
            ],
            [
              -7.6411699,
              41.8749243
            ],
            [
              -7.6396725,
              41.8747768
            ],
            [
              -7.6398461,
              41.8752372
            ],
            [
              -7.6398441,
              41.8756086
            ],
            [
              -7.6396299,
              41.8762582
            ],
            [
              -7.6392315,
              41.8773491
            ],
            [
              -7.6390837,
              41.8776574
            ],
            [
              -7.6388326,
              41.8780806
            ],
            [
              -7.6384821,
              41.8784601
            ],
            [
              -7.6383365,
              41.8786732
            ],
            [
              -7.6383425,
              41.8789732
            ],
            [
              -7.6385025,
              41.8792884
            ],
            [
              -7.6388068,
              41.8797415
            ],
            [
              -7.6389079,
              41.8799009
            ],
            [
              -7.6434051,
              41.8806586
            ],
            [
              -7.6455625,
              41.8806432
            ],
            [
              -7.6516314,
              41.8810038
            ],
            [
              -7.6538714,
              41.8811985
            ],
            [
              -7.6565355,
              41.8821275
            ],
            [
              -7.6632348,
              41.8864699
            ],
            [
              -7.6634926,
              41.8864657
            ],
            [
              -7.6635529,
              41.8867411
            ],
            [
              -7.6637771,
              41.8872271
            ],
            [
              -7.6638761,
              41.887349
            ],
            [
              -7.664178,
              41.8875421
            ],
            [
              -7.6643206,
              41.8876203
            ],
            [
              -7.6646645,
              41.8877056
            ],
            [
              -7.6653033,
              41.8877458
            ],
            [
              -7.6654065,
              41.8877975
            ],
            [
              -7.6655451,
              41.8880074
            ],
            [
              -7.6656225,
              41.888482
            ],
            [
              -7.6658348,
              41.888847
            ],
            [
              -7.6660503,
              41.8889491
            ],
            [
              -7.6665455,
              41.8889556
            ],
            [
              -7.6669184,
              41.8891856
            ],
            [
              -7.6669822,
              41.8892995
            ],
            [
              -7.6671222,
              41.8898222
            ],
            [
              -7.6671911,
              41.8904465
            ],
            [
              -7.6672426,
              41.8906194
            ],
            [
              -7.6673961,
              41.8909358
            ],
            [
              -7.6676615,
              41.8912694
            ],
            [
              -7.667904,
              41.8915033
            ],
            [
              -7.6680247,
              41.8918904
            ],
            [
              -7.6683023,
              41.8920972
            ],
            [
              -7.6682644,
              41.89244
            ],
            [
              -7.6681577,
              41.8926185
            ],
            [
              -7.6681005,
              41.892964
            ],
            [
              -7.668221,
              41.8933086
            ],
            [
              -7.6684458,
              41.8933854
            ],
            [
              -7.6688201,
              41.8934087
            ],
            [
              -7.6692554,
              41.8933549
            ],
            [
              -7.6696686,
              41.8932266
            ],
            [
              -7.6698161,
              41.8932276
            ],
            [
              -7.6707036,
              41.893444
            ],
            [
              -7.6708906,
              41.8935315
            ],
            [
              -7.6710891,
              41.8934935
            ],
            [
              -7.6712191,
              41.8933713
            ],
            [
              -7.6712607,
              41.8932404
            ],
            [
              -7.6715012,
              41.893063
            ],
            [
              -7.6716606,
              41.8930472
            ],
            [
              -7.6718722,
              41.8931235
            ],
            [
              -7.6722708,
              41.8931369
            ],
            [
              -7.6724231,
              41.893101
            ],
            [
              -7.6728688,
              41.8929137
            ],
            [
              -7.6730795,
              41.892892
            ],
            [
              -7.6733278,
              41.8929493
            ],
            [
              -7.6742561,
              41.8930317
            ],
            [
              -7.6747048,
              41.8931596
            ],
            [
              -7.6748521,
              41.8931754
            ],
            [
              -7.6750801,
              41.8932792
            ],
            [
              -7.6756076,
              41.8934259
            ],
            [
              -7.676049,
              41.8934383
            ],
            [
              -7.6763744,
              41.8933586
            ],
            [
              -7.6769931,
              41.8933099
            ],
            [
              -7.6774529,
              41.8931119
            ],
            [
              -7.6776091,
              41.8930945
            ],
            [
              -7.6778977,
              41.8931362
            ],
            [
              -7.678141,
              41.8932379
            ],
            [
              -7.6784416,
              41.893472
            ],
            [
              -7.678592,
              41.8936397
            ],
            [
              -7.6787109,
              41.893904
            ],
            [
              -7.6787922,
              41.8940023
            ],
            [
              -7.6790633,
              41.8942369
            ],
            [
              -7.6791263,
              41.8943789
            ],
            [
              -7.6794834,
              41.8947287
            ],
            [
              -7.6797692,
              41.8948507
            ],
            [
              -7.6805862,
              41.8949762
            ],
            [
              -7.6807819,
              41.8950461
            ],
            [
              -7.6811277,
              41.8952664
            ],
            [
              -7.6814631,
              41.8954151
            ],
            [
              -7.6821086,
              41.8960416
            ],
            [
              -7.6825054,
              41.8963009
            ],
            [
              -7.6826483,
              41.8965485
            ],
            [
              -7.6827738,
              41.8966869
            ],
            [
              -7.6827947,
              41.8967927
            ],
            [
              -7.6829584,
              41.8969481
            ],
            [
              -7.6834835,
              41.897604
            ],
            [
              -7.68379,
              41.8979017
            ],
            [
              -7.6842075,
              41.8984806
            ],
            [
              -7.6853408,
              41.8995099
            ],
            [
              -7.6852398,
              41.8995948
            ],
            [
              -7.6878191,
              41.9021847
            ],
            [
              -7.6882061,
              41.9023448
            ],
            [
              -7.6957651,
              41.9059671
            ],
            [
              -7.6973065,
              41.9072073
            ],
            [
              -7.7008515,
              41.9076656
            ],
            [
              -7.7027772,
              41.9074786
            ],
            [
              -7.7041425,
              41.9073398
            ],
            [
              -7.7054496,
              41.9068672
            ],
            [
              -7.7092449,
              41.9028615
            ],
            [
              -7.7096082,
              41.8966329
            ],
            [
              -7.7077455,
              41.8887818
            ],
            [
              -7.7077501,
              41.8886378
            ],
            [
              -7.707571,
              41.8881177
            ],
            [
              -7.7075715,
              41.8874612
            ],
            [
              -7.707376,
              41.8871177
            ],
            [
              -7.7070809,
              41.8862828
            ],
            [
              -7.707179,
              41.8857812
            ],
            [
              -7.7072045,
              41.8847838
            ],
            [
              -7.7066204,
              41.8832482
            ],
            [
              -7.7063894,
              41.8829576
            ],
            [
              -7.7064739,
              41.8822293
            ],
            [
              -7.7065604,
              41.8818441
            ],
            [
              -7.7070332,
              41.8811436
            ],
            [
              -7.707346,
              41.8808044
            ],
            [
              -7.7066214,
              41.8802733
            ],
            [
              -7.7056556,
              41.8790719
            ],
            [
              -7.7055687,
              41.8789027
            ],
            [
              -7.7055993,
              41.8787673
            ],
            [
              -7.7055354,
              41.8785797
            ],
            [
              -7.7055133,
              41.8780147
            ],
            [
              -7.7053925,
              41.8777076
            ],
            [
              -7.7052255,
              41.8775134
            ],
            [
              -7.7051529,
              41.8773128
            ],
            [
              -7.7049581,
              41.8770144
            ],
            [
              -7.7041004,
              41.8761599
            ],
            [
              -7.7035781,
              41.8754389
            ],
            [
              -7.7033265,
              41.8751582
            ],
            [
              -7.7031745,
              41.8747217
            ],
            [
              -7.7030304,
              41.8740048
            ],
            [
              -7.7025529,
              41.8736148
            ],
            [
              -7.7024208,
              41.8735693
            ],
            [
              -7.7016616,
              41.8730521
            ],
            [
              -7.7012859,
              41.8728937
            ],
            [
              -7.7006999,
              41.8723003
            ],
            [
              -7.700207,
              41.8714572
            ],
            [
              -7.6996836,
              41.87078
            ],
            [
              -7.6993047,
              41.8705602
            ],
            [
              -7.6988408,
              41.8702321
            ],
            [
              -7.6985153,
              41.8701398
            ],
            [
              -7.6981945,
              41.8701189
            ],
            [
              -7.6980907,
              41.870087
            ],
            [
              -7.6977798,
              41.8698653
            ],
            [
              -7.6971169,
              41.8690351
            ],
            [
              -7.6969967,
              41.8688337
            ],
            [
              -7.6962779,
              41.8682036
            ],
            [
              -7.6960989,
              41.8679789
            ],
            [
              -7.6960851,
              41.8678777
            ],
            [
              -7.696191,
              41.8677076
            ],
            [
              -7.6961734,
              41.8675448
            ],
            [
              -7.6955247,
              41.8670282
            ],
            [
              -7.6954866,
              41.8669352
            ],
            [
              -7.6954978,
              41.866808
            ],
            [
              -7.695666,
              41.866434
            ],
            [
              -7.6956555,
              41.8662584
            ],
            [
              -7.6955925,
              41.8661804
            ],
            [
              -7.6954238,
              41.8660949
            ],
            [
              -7.6948071,
              41.8659754
            ],
            [
              -7.694525,
              41.8658349
            ],
            [
              -7.6943958,
              41.8657354
            ],
            [
              -7.6941499,
              41.8654237
            ],
            [
              -7.6938811,
              41.8650497
            ],
            [
              -7.6938673,
              41.8649737
            ],
            [
              -7.6930392,
              41.8645464
            ],
            [
              -7.6929381,
              41.8644565
            ],
            [
              -7.6926296,
              41.8640113
            ],
            [
              -7.6923589,
              41.8637689
            ],
            [
              -7.6911024,
              41.8628497
            ],
            [
              -7.6909813,
              41.8628532
            ],
            [
              -7.6906022,
              41.8629508
            ],
            [
              -7.6904253,
              41.8628842
            ],
            [
              -7.6903338,
              41.86279
            ],
            [
              -7.6902496,
              41.8625972
            ],
            [
              -7.6899181,
              41.8622695
            ],
            [
              -7.6899062,
              41.8621148
            ],
            [
              -7.6899466,
              41.8619698
            ],
            [
              -7.6898795,
              41.8617928
            ],
            [
              -7.6897294,
              41.8616669
            ],
            [
              -7.6894892,
              41.8615286
            ],
            [
              -7.6893878,
              41.8613797
            ],
            [
              -7.6892552,
              41.8610679
            ],
            [
              -7.689266,
              41.8607575
            ],
            [
              -7.6892299,
              41.8606644
            ],
            [
              -7.6890678,
              41.8605563
            ],
            [
              -7.6885808,
              41.8605218
            ],
            [
              -7.6884141,
              41.8604194
            ],
            [
              -7.6884106,
              41.859909
            ],
            [
              -7.688323,
              41.8597455
            ],
            [
              -7.6882199,
              41.8597102
            ],
            [
              -7.6878342,
              41.8599692
            ],
            [
              -7.6876285,
              41.8600337
            ],
            [
              -7.687447,
              41.8599655
            ],
            [
              -7.6873475,
              41.8598576
            ],
            [
              -7.6871742,
              41.8597624
            ],
            [
              -7.6869143,
              41.8596888
            ],
            [
              -7.686709,
              41.859733
            ],
            [
              -7.6865006,
              41.8598358
            ],
            [
              -7.6856897,
              41.8595362
            ],
            [
              -7.6855164,
              41.8593137
            ],
            [
              -7.6854176,
              41.8590585
            ],
            [
              -7.6853838,
              41.8587776
            ],
            [
              -7.6854302,
              41.8584795
            ],
            [
              -7.6853672,
              41.858342
            ],
            [
              -7.6851708,
              41.8581747
            ],
            [
              -7.684944,
              41.8581007
            ],
            [
              -7.6844496,
              41.857679
            ],
            [
              -7.6841534,
              41.8575973
            ],
            [
              -7.6839434,
              41.8574907
            ],
            [
              -7.683746,
              41.8573009
            ],
            [
              -7.6834398,
              41.8567827
            ],
            [
              -7.6832175,
              41.8566147
            ],
            [
              -7.6829754,
              41.8565687
            ]
          ]
        ]
      },
      "id": "relation/2198393"
    },
    {
      "type": "Feature",
      "properties": {
        "@id": "relation/6445136",
        "admin_level": "8",
        "alt_name": "Vila Nova de Santo André",
        "border_type": "freguesia",
        "boundary": "administrative",
        "name": "Santo André",
        "official_name": "Freguesia de Santo André",
        "population": "10310",
        "population:date": "2021",
        "ref:ine": "150907",
        "source": "DGT - CAOP 2022",
        "type": "boundary",
        "wikidata": "Q769265"
      },
      "geometry": {
        "type": "Polygon",
        "coordinates": [
          [
            [
              -8.7344807,
              38.1108185
            ],
            [
              -8.7364586,
              38.1121365
            ],
            [
              -8.7373551,
              38.1126886
            ],
            [
              -8.7395486,
              38.1139451
            ],
            [
              -8.745637,
              38.1175242
            ],
            [
              -8.7504902,
              38.1182319
            ],
            [
              -8.750686,
              38.1182942
            ],
            [
              -8.7527147,
              38.1185585
            ],
            [
              -8.753626,
              38.1179455
            ],
            [
              -8.7542173,
              38.1170703
            ],
            [
              -8.7544132,
              38.1168341
            ],
            [
              -8.7557042,
              38.1150252
            ],
            [
              -8.7566153,
              38.1151841
            ],
            [
              -8.7592896,
              38.1158109
            ],
            [
              -8.7616628,
              38.1167031
            ],
            [
              -8.7634859,
              38.1174837
            ],
            [
              -8.7640078,
              38.1176827
            ],
            [
              -8.7657243,
              38.1180587
            ],
            [
              -8.7659656,
              38.1181857
            ],
            [
              -8.7674202,
              38.1185785
            ],
            [
              -8.7683883,
              38.1190352
            ],
            [
              -8.769262,
              38.1193434
            ],
            [
              -8.7706942,
              38.1194311
            ],
            [
              -8.7718045,
              38.119407
            ],
            [
              -8.773841,
              38.1194198
            ],
            [
              -8.7743184,
              38.1194316
            ],
            [
              -8.7767792,
              38.1194925
            ],
            [
              -8.7776229,
              38.1195288
            ],
            [
              -8.7793417,
              38.1195531
            ],
            [
              -8.7798412,
              38.1195601
            ],
            [
              -8.7812527,
              38.1195499
            ],
            [
              -8.7837601,
              38.1197416
            ],
            [
              -8.7848286,
              38.1197827
            ],
            [
              -8.7853912,
              38.1207068
            ],
            [
              -8.7861125,
              38.1225415
            ],
            [
              -8.7911716,
              38.1220998
            ],
            [
              -8.7946023,
              38.1218736
            ],
            [
              -8.7966107,
              38.1213664
            ],
            [
              -8.7967241,
              38.1213584
            ],
            [
              -8.796806,
              38.120985
            ],
            [
              -8.7968958,
              38.1208242
            ],
            [
              -8.7973345,
              38.1194475
            ],
            [
              -8.7974415,
              38.1189562
            ],
            [
              -8.7977897,
              38.1182291
            ],
            [
              -8.7980599,
              38.1172723
            ],
            [
              -8.7983076,
              38.1166498
            ],
            [
              -8.7992479,
              38.1139403
            ],
            [
              -8.7999777,
              38.1120906
            ],
            [
              -8.8005689,
              38.1101309
            ],
            [
              -8.8007291,
              38.1096963
            ],
            [
              -8.8009874,
              38.1089593
            ],
            [
              -8.8010786,
              38.1086966
            ],
            [
              -8.8012537,
              38.1082657
            ],
            [
              -8.8014337,
              38.1077233
            ],
            [
              -8.8017095,
              38.107012
            ],
            [
              -8.8018961,
              38.106474
            ],
            [
              -8.8022556,
              38.1056106
            ],
            [
              -8.8025081,
              38.1049585
            ],
            [
              -8.8027761,
              38.1043068
            ],
            [
              -8.8030506,
              38.1035649
            ],
            [
              -8.8033188,
              38.1028512
            ],
            [
              -8.8035886,
              38.1021755
            ],
            [
              -8.8042143,
              38.1005784
            ],
            [
              -8.8043638,
              38.1001756
            ],
            [
              -8.8045356,
              38.0998279
            ],
            [
              -8.8047835,
              38.0992775
            ],
            [
              -8.8049625,
              38.0987565
            ],
            [
              -8.8050256,
              38.0985729
            ],
            [
              -8.8051808,
              38.098121
            ],
            [
              -8.8052518,
              38.0979144
            ],
            [
              -8.8053196,
              38.0977172
            ],
            [
              -8.8054092,
              38.0974565
            ],
            [
              -8.8057397,
              38.0966655
            ],
            [
              -8.8058489,
              38.0963365
            ],
            [
              -8.8060639,
              38.0957627
            ],
            [
              -8.8061561,
              38.0954128
            ],
            [
              -8.8062704,
              38.0951328
            ],
            [
              -8.8063911,
              38.0948372
            ],
            [
              -8.8065484,
              38.094452
            ],
            [
              -8.8066701,
              38.094154
            ],
            [
              -8.8068145,
              38.0938002
            ],
            [
              -8.8069213,
              38.0935385
            ],
            [
              -8.8070224,
              38.0932909
            ],
            [
              -8.8071475,
              38.0929845
            ],
            [
              -8.8073451,
              38.0925004
            ],
            [
              -8.8075161,
              38.0920815
            ],
            [
              -8.8077397,
              38.0915033
            ],
            [
              -8.8078746,
              38.0910748
            ],
            [
              -8.8082685,
              38.0901366
            ],
            [
              -8.8083974,
              38.08974
            ],
            [
              -8.808443,
              38.0896482
            ],
            [
              -8.8085378,
              38.0894572
            ],
            [
              -8.8088282,
              38.0887526
            ],
            [
              -8.8089485,
              38.0884606
            ],
            [
              -8.8091209,
              38.0879279
            ],
            [
              -8.8093623,
              38.087354
            ],
            [
              -8.809632,
              38.0866819
            ],
            [
              -8.8098725,
              38.0860037
            ],
            [
              -8.8100876,
              38.0853836
            ],
            [
              -8.8103523,
              38.084723
            ],
            [
              -8.8108539,
              38.0833585
            ],
            [
              -8.8113777,
              38.0820348
            ],
            [
              -8.8118172,
              38.0809772
            ],
            [
              -8.8120759,
              38.0802719
            ],
            [
              -8.812325,
              38.0796076
            ],
            [
              -8.8127895,
              38.0785312
            ],
            [
              -8.8131118,
              38.0777506
            ],
            [
              -8.8136208,
              38.0763999
            ],
            [
              -8.8138811,
              38.0756854
            ],
            [
              -8.8144332,
              38.0743302
            ],
            [
              -8.8147819,
              38.0736444
            ],
            [
              -8.8151368,
              38.0726446
            ],
            [
              -8.8155817,
              38.0714782
            ],
            [
              -8.8159409,
              38.0705958
            ],
            [
              -8.8163989,
              38.0694124
            ],
            [
              -8.816702,
              38.068662
            ],
            [
              -8.8170078,
              38.067879
            ],
            [
              -8.817325,
              38.067132
            ],
            [
              -8.817558,
              38.0665096
            ],
            [
              -8.817821,
              38.0659475
            ],
            [
              -8.8181369,
              38.0652424
            ],
            [
              -8.8183459,
              38.0647759
            ],
            [
              -8.818977,
              38.0633327
            ],
            [
              -8.8192038,
              38.0628609
            ],
            [
              -8.8193442,
              38.0625429
            ],
            [
              -8.8194877,
              38.0622273
            ],
            [
              -8.8196576,
              38.061848
            ],
            [
              -8.820188,
              38.0605843
            ],
            [
              -8.8203464,
              38.0602254
            ],
            [
              -8.8204632,
              38.0599398
            ],
            [
              -8.8207194,
              38.0594013
            ],
            [
              -8.8209707,
              38.0588017
            ],
            [
              -8.8214182,
              38.0577453
            ],
            [
              -8.8215782,
              38.0573578
            ],
            [
              -8.8218234,
              38.0567405
            ],
            [
              -8.8222211,
              38.0558965
            ],
            [
              -8.8224013,
              38.0554728
            ],
            [
              -8.8226038,
              38.0550158
            ],
            [
              -8.8229154,
              38.0543699
            ],
            [
              -8.8231533,
              38.0538169
            ],
            [
              -8.8234081,
              38.0532706
            ],
            [
              -8.8237291,
              38.0526511
            ],
            [
              -8.8241086,
              38.0517293
            ],
            [
              -8.824409,
              38.0510331
            ],
            [
              -8.8247611,
              38.0502503
            ],
            [
              -8.8250078,
              38.0497195
            ],
            [
              -8.8251083,
              38.0495046
            ],
            [
              -8.825204,
              38.0492931
            ],
            [
              -8.8251666,
              38.0492616
            ],
            [
              -8.8189974,
              38.0440686
            ],
            [
              -8.8158491,
              38.041534
            ],
            [
              -8.8134971,
              38.0398543
            ],
            [
              -8.811199,
              38.0385175
            ],
            [
              -8.8076475,
              38.0362574
            ],
            [
              -8.8095581,
              38.0329306
            ],
            [
              -8.8115324,
              38.0289207
            ],
            [
              -8.8126187,
              38.0268365
            ],
            [
              -8.8164478,
              38.0200402
            ],
            [
              -8.8184513,
              38.0146869
            ],
            [
              -8.8194958,
              38.0132864
            ],
            [
              -8.817931,
              38.0126643
            ],
            [
              -8.8167836,
              38.0143397
            ],
            [
              -8.8153236,
              38.0134349
            ],
            [
              -8.815428,
              38.0131429
            ],
            [
              -8.8121654,
              38.0114255
            ],
            [
              -8.8104211,
              38.0131064
            ],
            [
              -8.7995375,
              38.0222865
            ],
            [
              -8.7974357,
              38.0241641
            ],
            [
              -8.79314,
              38.0280954
            ],
            [
              -8.791134,
              38.0270829
            ],
            [
              -8.789392,
              38.0261248
            ],
            [
              -8.7819114,
              38.022215
            ],
            [
              -8.7800978,
              38.0213762
            ],
            [
              -8.7740021,
              38.0107308
            ],
            [
              -8.7728042,
              38.0086503
            ],
            [
              -8.7719246,
              38.0098812
            ],
            [
              -8.7693717,
              38.0133018
            ],
            [
              -8.767136,
              38.0163992
            ],
            [
              -8.7683695,
              38.0173179
            ],
            [
              -8.7654304,
              38.0205145
            ],
            [
              -8.7641074,
              38.0218259
            ],
            [
              -8.7626889,
              38.023391
            ],
            [
              -8.7621566,
              38.0239345
            ],
            [
              -8.7600593,
              38.0234995
            ],
            [
              -8.7566694,
              38.0228696
            ],
            [
              -8.7561569,
              38.023607
            ],
            [
              -8.7548869,
              38.0256143
            ],
            [
              -8.7537944,
              38.0274466
            ],
            [
              -8.7502292,
              38.0252635
            ],
            [
              -8.748286,
              38.024
            ],
            [
              -8.7472096,
              38.0226657
            ],
            [
              -8.7457925,
              38.0214112
            ],
            [
              -8.7418472,
              38.0177197
            ],
            [
              -8.7402924,
              38.0202822
            ],
            [
              -8.738528,
              38.0228136
            ],
            [
              -8.7356623,
              38.0278252
            ],
            [
              -8.7350021,
              38.0294823
            ],
            [
              -8.7344354,
              38.0313745
            ],
            [
              -8.7340268,
              38.0322058
            ],
            [
              -8.7414408,
              38.0349269
            ],
            [
              -8.7404011,
              38.0358617
            ],
            [
              -8.7391517,
              38.0370949
            ],
            [
              -8.7383234,
              38.0378513
            ],
            [
              -8.737805,
              38.0380735
            ],
            [
              -8.7347972,
              38.0397794
            ],
            [
              -8.7329494,
              38.0407674
            ],
            [
              -8.7325988,
              38.0410567
            ],
            [
              -8.732275,
              38.041425
            ],
            [
              -8.7311852,
              38.0428781
            ],
            [
              -8.7355296,
              38.0465702
            ],
            [
              -8.7345048,
              38.0468532
            ],
            [
              -8.7320105,
              38.0474373
            ],
            [
              -8.7315155,
              38.0475112
            ],
            [
              -8.7304755,
              38.047604
            ],
            [
              -8.729829,
              38.0476277
            ],
            [
              -8.7285555,
              38.0478412
            ],
            [
              -8.7275756,
              38.0478551
            ],
            [
              -8.7286673,
              38.0502008
            ],
            [
              -8.7289833,
              38.0509895
            ],
            [
              -8.7301083,
              38.0514603
            ],
            [
              -8.7329871,
              38.0524265
            ],
            [
              -8.733553,
              38.0531945
            ],
            [
              -8.7337386,
              38.0535145
            ],
            [
              -8.7338975,
              38.0536976
            ],
            [
              -8.7340935,
              38.0546816
            ],
            [
              -8.7346274,
              38.0562247
            ],
            [
              -8.7345372,
              38.0579868
            ],
            [
              -8.7366124,
              38.0581372
            ],
            [
              -8.7372696,
              38.0582021
            ],
            [
              -8.7375652,
              38.0582467
            ],
            [
              -8.7391529,
              38.0586445
            ],
            [
              -8.7410923,
              38.0590361
            ],
            [
              -8.7407236,
              38.0607992
            ],
            [
              -8.7404435,
              38.0619229
            ],
            [
              -8.7401743,
              38.0629082
            ],
            [
              -8.7397773,
              38.0640598
            ],
            [
              -8.7394963,
              38.0650548
            ],
            [
              -8.73823,
              38.0671225
            ],
            [
              -8.7366347,
              38.0695152
            ],
            [
              -8.735025,
              38.0717872
            ],
            [
              -8.7343847,
              38.0723777
            ],
            [
              -8.7316309,
              38.0747033
            ],
            [
              -8.7302772,
              38.0772841
            ],
            [
              -8.7283516,
              38.0790946
            ],
            [
              -8.7276109,
              38.0800216
            ],
            [
              -8.7272462,
              38.0807717
            ],
            [
              -8.7281394,
              38.081392
            ],
            [
              -8.729883,
              38.079477
            ],
            [
              -8.7303396,
              38.0806907
            ],
            [
              -8.7295635,
              38.0815176
            ],
            [
              -8.7288613,
              38.0823685
            ],
            [
              -8.7280519,
              38.0836658
            ],
            [
              -8.7263356,
              38.0858904
            ],
            [
              -8.7266258,
              38.0862029
            ],
            [
              -8.7270003,
              38.0865322
            ],
            [
              -8.7260397,
              38.0872731
            ],
            [
              -8.7234931,
              38.0891341
            ],
            [
              -8.7225295,
              38.090244
            ],
            [
              -8.7223379,
              38.0904147
            ],
            [
              -8.7218854,
              38.089841
            ],
            [
              -8.7214898,
              38.0897658
            ],
            [
              -8.7213327,
              38.0897428
            ],
            [
              -8.720703,
              38.0897503
            ],
            [
              -8.7208049,
              38.0902689
            ],
            [
              -8.720779,
              38.0904278
            ],
            [
              -8.7206228,
              38.0908978
            ],
            [
              -8.7204693,
              38.0910815
            ],
            [
              -8.7203574,
              38.0913395
            ],
            [
              -8.7202803,
              38.0916837
            ],
            [
              -8.7202932,
              38.092077
            ],
            [
              -8.7207303,
              38.0922169
            ],
            [
              -8.7209899,
              38.0930354
            ],
            [
              -8.7240415,
              38.0948333
            ],
            [
              -8.7281912,
              38.096905
            ],
            [
              -8.7297119,
              38.0976224
            ],
            [
              -8.7306464,
              38.0977281
            ],
            [
              -8.733915,
              38.0979882
            ],
            [
              -8.734307,
              38.0979862
            ],
            [
              -8.7364239,
              38.0982401
            ],
            [
              -8.7361752,
              38.102112
            ],
            [
              -8.7350744,
              38.1047789
            ],
            [
              -8.7348523,
              38.1055364
            ],
            [
              -8.7348245,
              38.105791
            ],
            [
              -8.7346519,
              38.1065353
            ],
            [
              -8.7346213,
              38.1067607
            ],
            [
              -8.7346776,
              38.107816
            ],
            [
              -8.7345312,
              38.1101682
            ],
            [
              -8.7344807,
              38.1108185
            ]
          ]
        ]
      },
      "id": "relation/6445136"
    },
    {
      "type": "Feature",
      "properties": {
        "@id": "node/30674208",
        "@relations": [
          {
            "role": "admin_centre",
            "rel": 297968,
            "reltags": {
              "IBGE:GEOCODIGO": "3548708",
              "admin_level": "8",
              "boundary": "administrative",
              "int_name": "Sao Bernardo do Campo",
              "name": "São Bernardo do Campo",
              "name:zh": "圣贝尔纳多-杜坎普",
              "official_name": "Município de Interesse Turístico de São Bernardo do Campo",
              "place": "municipality",
              "population": "810729",
              "population:date": "2023-08-31",
              "source": "IBGE",
              "source:population": "IBGE, DOU de 31/08/2023",
              "type": "boundary",
              "wikidata": "Q184403",
              "wikipedia": "pt:São Bernardo do Campo"
            }
          }
        ]
      },
      "geometry": {
        "type": "Point",
        "coordinates": [
          -46.5506747,
          -23.7080345
        ]
      },
      "id": "node/30674208"
    },
    {
      "type": "Feature",
      "properties": {
        "@id": "node/30674213",
        "@relations": [
          {
            "role": "admin_centre",
            "rel": 298170,
            "reltags": {
              "IBGE:GEOCODIGO": "3548807",
              "admin_level": "8",
              "boundary": "administrative",
              "name": "São Caetano do Sul",
              "official_name": "Município de São Caetano do Sul",
              "place": "municipality",
              "population": "165655",
              "population:date": "2023-08-31",
              "source": "IBGE",
              "source:population": "IBGE, DOU de 31/08/2023",
              "type": "boundary",
              "wikidata": "Q967648",
              "wikipedia": "pt:São Caetano do Sul"
            }
          }
        ]
      },
      "geometry": {
        "type": "Point",
        "coordinates": [
          -46.5688323,
          -23.6195923
        ]
      },
      "id": "node/30674213"
    },
    {
      "type": "Feature",
      "properties": {
        "@id": "node/415521272",
        "@relations": [
          {
            "role": "admin_centre",
            "rel": 301414,
            "reltags": {
              "IBGE:GEOCODIGO": "2513851",
              "admin_level": "8",
              "boundary": "administrative",
              "name": "Santo André",
              "place": "municipality",
              "population": "2622",
              "population:date": "2023-08-31",
              "source": "IBGE",
              "source:population": "IBGE, DOU de 31/08/2023",
              "type": "boundary",
              "wikidata": "Q2078761",
              "wikipedia": "pt:Santo André (Paraíba)"
            }
          }
        ]
      },
      "geometry": {
        "type": "Point",
        "coordinates": [
          -36.6319767,
          -7.2198586
        ]
      },
      "id": "node/415521272"
    },
    {
      "type": "Feature",
      "properties": {
        "@id": "node/673067075",
        "@relations": [
          {
            "role": "admin_centre",
            "rel": 298086,
            "reltags": {
              "IBGE:GEOCODIGO": "3547809",
              "admin_level": "8",
              "boundary": "administrative",
              "int_name": "Santo Andre",
              "name": "Santo André",
              "official_name": "Município de Santo André",
              "place": "municipality",
              "population": "748919",
              "population:date": "2023-08-31",
              "source": "IBGE",
              "source:population": "IBGE, DOU de 31/08/2023",
              "type": "boundary",
              "wikidata": "Q191652",
              "wikipedia": "pt:Santo André (São Paulo)"
            }
          }
        ]
      },
      "geometry": {
        "type": "Point",
        "coordinates": [
          -46.5279039,
          -23.6533509
        ]
      },
      "id": "node/673067075"
    },
    {
      "type": "Feature",
      "properties": {
        "@id": "node/907098534",
        "@relations": [
          {
            "role": "admin_centre",
            "rel": 6445136,
            "reltags": {
              "admin_level": "8",
              "alt_name": "Vila Nova de Santo André",
              "border_type": "freguesia",
              "boundary": "administrative",
              "name": "Santo André",
              "official_name": "Freguesia de Santo André",
              "population": "10310",
              "population:date": "2021",
              "ref:ine": "150907",
              "source": "DGT - CAOP 2022",
              "type": "boundary",
              "wikidata": "Q769265"
            }
          }
        ]
      },
      "geometry": {
        "type": "Point",
        "coordinates": [
          -8.7855011,
          38.0619858
        ]
      },
      "id": "node/907098534"
    },
    {
      "type": "Feature",
      "properties": {
        "@id": "node/1889474299",
        "@relations": [
          {
            "role": "admin_centre",
            "rel": 2198393,
            "reltags": {
              "admin_level": "8",
              "border_type": "freguesia",
              "boundary": "administrative",
              "name": "Santo André",
              "official_name": "Freguesia de Santo André",
              "population": "149",
              "population:date": "2021",
              "ref:ine": "170627",
              "source": "DGT - CAOP 2022",
              "type": "boundary",
              "wikidata": "Q198219"
            }
          }
        ]
      },
      "geometry": {
        "type": "Point",
        "coordinates": [
          -7.6663885,
          41.8648834
        ]
      },
      "id": "node/1889474299"
    }
  ]
}